Id,Name*,Pices,Position,Rate*,Stock In Hand,Serial No#,Tax1,Tax2,Hsn Code,Brand,Catalog Name*,Catageory Name*,No print(yes/no),No Count(yes/no),Tax Exempt(yes/no),Incluseive Tax(yes/no),Type Of Item(Item/Item Group/group),Procurement Type(SALE/PURCHASE/SALE_AND_PURCHASE)*,Attr1,Attr2,Attr3
1329349,Fabric Piece ,1,0,0,0,,0,0,,,DRY CLEAN,MEN,no,no,NO,,Item,SALE,,,
1256907,Leatherite Sneaker ,2,0,0,0,,0,0,,,SHOE CLEANING,SHOES,no,no,NO,,Item,SALE,,,
1249938,POCKET SQUARE,1,0,0,0,,0,0,,,DRY CLEAN,MEN,no,no,NO,,Item,SALE,,,
1248264,BABY CAP TOWEL,1,0,0,0,,0,0,,,DRY CLEAN,KIDS,no,no,NO,,Item,SALE,,,
1248263,BABY SEAT COVER,1,0,0,0,,0,0,,,DRY CLEAN,KIDS,no,no,NO,,Item,SALE,,,
1240797,Charak ,1,0,0,0,,0,0,,,DRY CLEAN,MEN,no,no,NO,,Item,SALE,,,
1233502,Cord Set ,2,0,0,0,,0,0,,,STEAM IRON,WOMEN,no,no,NO,,Item,SALE,,,
1207270,Poncho ,1,0,0,0,,0,0,,,DRY CLEAN,WOMEN,no,no,NO,,Item,SALE,,,
1183854,Poshak 4 Piece Light,4,0,0,0,,0,0,,,DRY CLEAN,WOMEN,no,no,NO,,Item,SALE,,,
1183853,Poshak 4 Piece Light,4,0,0,0,,0,0,,,DRY CLEAN,WOMEN,no,no,NO,,Item,SALE,,,
1175135,Mattress,1,0,0,0,,0,0,,,DRY CLEAN,HOUSE HOLD,no,no,NO,,Item,SALE,,,
1162500,Woolen Ear Muffs ,1,0,0,0,,0,0,,,DRY CLEAN,HOUSE HOLD,no,no,NO,,Item,SALE,,,
1162499,Woolen Caps ,1,0,0,0,,0,0,,,DRY CLEAN,HOUSE HOLD,no,no,NO,,Item,SALE,,,
1160428,Sweater,1,0,0,0,,0,0,,,DRY CLEAN,KIDS,no,no,NO,,Item,SALE,,,
1159254,Saafa,1,0,0,0,,0,0,,,STEAM IRON,MEN,no,no,NO,,Item,SALE,,,
1159253,Saafa ,1,0,0,0,,0,0,,,DRY CLEAN,MEN,no,no,NO,,Item,SALE,,,
1127943,Baby Seat,1,0,0,0,,0,0,,,DRY CLEAN,KIDS,no,no,NO,,Item,SALE,,,
1127942,Baby Pram,1,0,0,0,,0,0,,,DRY CLEAN,KIDS,no,no,NO,,Item,SALE,,,
1120788,kids Poncho,1,0,0,0,,0,0,,,DRY CLEAN,KIDS,no,no,NO,,Item,SALE,,,
1108172,HEAVVY JACKETS,1,0,0,0,,0,0,,,DRY CLEAN,MEN,no,no,NO,,Item,SALE,,,
1067001,POSHAK 3 PCS HEAVY,3,0,0,0,,0,0,,,DRY CLEAN,WOMEN,no,no,NO,,Item,SALE,,,
1067000,POSHAK 4 PCS HEAVY,4,0,0,0,,0,0,,,DRY CLEAN,WOMEN,no,no,NO,,Item,SALE,,,
1060430,Overcoat,1,0,0,0,,0,0,,,DRY CLEAN,WOMEN,no,no,NO,,Item,SALE,,,
1060413,JACKET HEAVVY,1,0,0,0,,0,0,,,DRY CLEAN,WOMEN,no,no,NO,,Item,SALE,,,
1060412,WOOLLEN SHIRT,1,0,0,0,,0,0,,,DRY CLEAN,MEN,no,no,NO,,Item,SALE,,,
1048114,BASKET,1,0,0,0,,0,0,,,DRY CLEAN,ACCESSORIES,no,no,NO,,Item,SALE,,,
1046506,SHERWANI,1,0,0,0,,0,0,,,STEAM IRON,MEN,no,no,NO,,Item,SALE,,,
1040898,Bathrobe,1,0,0,0,,0,0,,,DRY CLEAN,MEN,no,no,NO,,Item,SALE,,,
1030696,OVER SHIRT,1,0,0,0,,0,0,,,DRY CLEAN,MEN,no,no,NO,,Item,SALE,,,
1027575,Ready Wear Saree,1,0,0,0,,0,0,,,STEAM IRON,WOMEN,no,no,NO,,Item,SALE,,,
1027430,Sweater,1,0,0,0,,0,0,,,DRY CLEAN,WOMEN,no,no,NO,,Item,SALE,,,
1026351,SUITE 2 PCS,2,0,0,0,,0,0,,,DRY CLEAN,MEN,no,no,NO,,Item,SALE,,,
1019040,CORD SET,2,0,0,0,,0,0,,,DRY CLEAN,WOMEN,no,no,NO,,Item,SALE,,,
1017760,BLAZER,1,0,0,0,,0,0,,,DRY CLEAN,KIDS,no,no,NO,,Item,SALE,,,
1015269,CAP,1,0,0,0,,0,0,,,DRY CLEAN,MEN,no,no,NO,,Item,SALE,,,
1013553,SHARARA,1,0,0,0,,0,0,,,DRY CLEAN,KIDS,no,no,NO,,Item,SALE,,,
1013192,TOP,1,0,0,0,,0,0,,,DRY CLEAN,KIDS,no,no,NO,,Item,SALE,,,
1009614,READY TO WEAR SAREE,1,0,0,0,,0,0,,,DRY CLEAN,WOMEN,no,no,NO,,Item,SALE,,,
1009613,CURTAIN SMALL,1,0,0,0,,0,0,,,STEAM IRON,HOUSE HOLD,no,no,NO,,Item,SALE,,,
1004224,STOLL,1,0,0,0,,0,0,,,DRY CLEAN,WOMEN,no,no,NO,,Item,SALE,,,
995001,JACKET WITH HOOD,1,0,0,0,,0,0,,,DRY CLEAN,WOMEN,no,no,NO,,Item,SALE,,,
989758,CROCS,1,0,0,0,,0,0,,,SHOE CLEANING,SHOES,no,no,NO,,Item,SALE,,,
989598,SHERWANI,1,0,0,0,,0,0,,,DRY CLEAN,MEN,no,no,NO,,Item,SALE,,,
986965,BED COVER,1,0,0,0,,0,0,,,DRY CLEAN,HOUSE HOLD,no,no,NO,,Item,SALE,,,
984006,SHAWLS,1,0,0,0,,0,0,,,DRY CLEAN,WOMEN,no,no,NO,,Item,SALE,,,
983979,DRESS MATERIAL,1,0,0,0,,0,0,,,STEAM IRON,WOMEN,no,no,NO,,Item,SALE,,,
974434,CARGO PAINT,1,0,0,0,,0,0,,,DRY CLEAN,MEN,no,no,NO,,Item,SALE,,,
969566,Dungree Denim Men ,1,0,119,0,,0,0,,,DRY CLEAN,MEN,no,no,NO,,Item,SALE,,,
969565,Woolen Laundry,1,0,220,0,,0,0,,,LAUNDRY,Laundry,no,no,NO,,Item,SALE,,,
968789,Towel {Pool},1,0,30,0,,0,0,,,DRY CLEAN,INSTITUTIONAL,no,no,NO,,Item,SALE,,,
968787,Towel White,1,0,25,0,,0,0,,,DRY CLEAN,INSTITUTIONAL,no,no,NO,,Item,SALE,,,
965192,Apron,1,0,20,0,,0,0,,,DRY CLEAN,HOUSE HOLD,no,no,NO,,Item,SALE,,,
963302,Premium Laundry,1,0,170,0,,0,0,,,LAUNDRY,Laundry,no,no,NO,,Item,SALE,,,
958042,Wash & Iron,1,0,100,0,,0,0,,,LAUNDRY,Laundry,no,no,NO,,Item,SALE,,,
958041,Wash & Fold,1,0,70,0,,0,0,,,LAUNDRY,Laundry,no,no,NO,,Item,SALE,,,
957274,Payjama,1,0,0,0,,0,0,,,STEAM IRON,INSTITUTIONAL,no,no,NO,,Item,SALE,,,
957271,Blanket,0,0,0,0,,0,0,,,STEAM IRON,INSTITUTIONAL,no,no,NO,,ItemGroup,SALE,Type,,
957272,Blanket-Single,1,0,0,0,,0,0,,,STEAM IRON,INSTITUTIONAL,no,no,NO,,group,SALE,Single,,
957273,Blanket-Double,1,0,0,0,,0,0,,,STEAM IRON,INSTITUTIONAL,no,no,NO,,group,SALE,Double,,
957270,Carpet,1,0,0,0,,0,0,,,STEAM IRON,INSTITUTIONAL,no,no,NO,,Item,SALE,,,
957269,Blanket Quilt Single Layer Single,1,0,0,0,,0,0,,,STEAM IRON,INSTITUTIONAL,no,no,NO,,Item,SALE,,,
957268,Pillow Covers,1,0,0,0,,0,0,,,STEAM IRON,INSTITUTIONAL,no,no,NO,,Item,SALE,,,
957267,Sofa Cushion Pillow Cover Small,1,0,0,0,,0,0,,,STEAM IRON,INSTITUTIONAL,no,no,NO,,Item,SALE,,,
957266,Cushion Covers,1,0,0,0,,0,0,,,STEAM IRON,INSTITUTIONAL,no,no,NO,,Item,SALE,,,
957265,Suit 2 Pcs,2,0,20,0,,0,0,,,STEAM IRON,INSTITUTIONAL,no,no,NO,,Item,SALE,,,
957264,Kurta  Kameez Plain,1,0,20,0,,0,0,,,STEAM IRON,INSTITUTIONAL,no,no,NO,,Item,SALE,,,
957263,Shirt,1,0,20,0,,0,0,,,STEAM IRON,INSTITUTIONAL,no,no,NO,,Item,SALE,,,
957262,Saree,1,0,0,0,,0,0,,,STEAM IRON,INSTITUTIONAL,no,no,NO,,Item,SALE,,,
957261,Salwar,1,0,0,0,,0,0,,,STEAM IRON,INSTITUTIONAL,no,no,NO,,Item,SALE,,,
957260,Ladies Suit 2 pcs heavy without Dupatta,2,0,0,0,,0,0,,,STEAM IRON,INSTITUTIONAL,no,no,NO,,Item,SALE,,,
957259,Gown,1,0,0,0,,0,0,,,STEAM IRON,INSTITUTIONAL,no,no,NO,,Item,SALE,,,
957258,Lehnga,1,0,0,0,,0,0,,,STEAM IRON,INSTITUTIONAL,no,no,NO,,Item,SALE,,,
957257,Scarf,1,0,20,0,,0,0,,,STEAM IRON,INSTITUTIONAL,no,no,NO,,Item,SALE,,,
957256,Kameez,1,0,20,0,,0,0,,,STEAM IRON,INSTITUTIONAL,no,no,NO,,Item,SALE,,,
957255,SweaterCardigan Full Sleeves Plain,1,0,0,0,,0,0,,,STEAM IRON,INSTITUTIONAL,no,no,NO,,Item,SALE,,,
957254,Cardigan,1,0,0,0,,0,0,,,STEAM IRON,INSTITUTIONAL,no,no,NO,,Item,SALE,,,
957251,Jacket,0,0,0,0,,0,0,,,STEAM IRON,INSTITUTIONAL,no,no,NO,,ItemGroup,SALE,Type,,
957252,Jacket-Normal,1,0,0,0,,0,0,,,STEAM IRON,INSTITUTIONAL,no,no,NO,,group,SALE,Normal,,
957253,Jacket-Half,1,0,125,0,,0,0,,,STEAM IRON,INSTITUTIONAL,no,no,NO,,group,SALE,Half,,
957250,Sweat Shirt,1,0,0,0,,0,0,,,STEAM IRON,INSTITUTIONAL,no,no,NO,,Item,SALE,,,
957249,Overcoat,1,0,0,0,,0,0,,,STEAM IRON,INSTITUTIONAL,no,no,NO,,Item,SALE,,,
957248,Sherwani,1,0,0,0,,0,0,,,STEAM IRON,INSTITUTIONAL,no,no,NO,,Item,SALE,,,
957247,Shirt,1,0,0,0,,0,0,,,STEAM IRON,INSTITUTIONAL,no,no,NO,,Item,SALE,,,
957246,Socks,2,0,0,0,,0,0,,,STEAM IRON,ACCESSORIES,no,no,NO,,Item,SALE,,,
957245,Helmet,1,0,0,0,,0,0,,,STEAM IRON,ACCESSORIES,no,no,NO,,Item,SALE,,,
957244,Belt,1,0,20,0,,0,0,,,STEAM IRON,ACCESSORIES,no,no,NO,,Item,SALE,,,
957243,Hat,1,0,20,0,,0,0,,,STEAM IRON,ACCESSORIES,no,no,NO,,Item,SALE,,,
957242,Gloves,2,0,0,0,,0,0,,,STEAM IRON,ACCESSORIES,no,no,NO,,Item,SALE,,,
957241,Scarf,1,0,0,0,,0,0,,,STEAM IRON,ACCESSORIES,no,no,NO,,Item,SALE,,,
957240,Tie,1,0,0,0,,0,0,,,STEAM IRON,ACCESSORIES,no,no,NO,,Item,SALE,,,
957239,Sofa Leather,1,0,0,0,,0,0,,,STEAM IRON,HOUSE HOLD,no,no,NO,,Item,SALE,,,
957238,Sofa Normal fabric/ Rexin,1,0,0,0,,0,0,,,STEAM IRON,HOUSE HOLD,no,no,NO,,Item,SALE,,,
957234,Soft Toy,0,0,0,0,,0,0,,,STEAM IRON,HOUSE HOLD,no,no,NO,,ItemGroup,SALE,Type,,
957235,Soft Toy-Upto 12 Inches,1,0,0,0,,0,0,,,STEAM IRON,HOUSE HOLD,no,no,NO,,group,SALE,Upto 12 Inches,,
957236,Soft Toy-More than 12 Inches and Upto 24 Inches,1,0,0,0,,0,0,,,STEAM IRON,HOUSE HOLD,no,no,NO,,group,SALE,More than 12 Inches and Upto 24 Inches,,
957237,Soft Toy-More than 36 Inches,1,0,0,0,,0,0,,,STEAM IRON,HOUSE HOLD,no,no,NO,,group,SALE,More than 36 Inches,,
957233,Blinds,1,0,0,0,,0,0,,,STEAM IRON,HOUSE HOLD,no,no,NO,,Item,SALE,,,
957232,Duvet,1,0,0,0,,0,0,,,STEAM IRON,HOUSE HOLD,no,no,NO,,Item,SALE,,,
957229,Carpets,,0,0,0,,0,0,,,STEAM IRON,HOUSE HOLD,no,no,NO,,ItemGroup,SALE,Type,,
957230,Carpets-Normal,1,0,0,0,null,0,0,,,STEAM IRON,HOUSE HOLD,no,no,NO,,group,SALE,Normal,,
957231,Carpets-Fur and Puffy,1,0,0,0,null,0,0,,,STEAM IRON,HOUSE HOLD,no,no,NO,,group,SALE,Fur and Puffy,,
957228,Table Mat,1,0,20,0,,0,0,,,STEAM IRON,HOUSE HOLD,no,no,NO,,Item,SALE,,,
957227,Foot Mats,1,0,0,0,,0,0,,,STEAM IRON,HOUSE HOLD,no,no,NO,,Item,SALE,,,
957226,Chair Covers,1,0,0,0,,0,0,,,STEAM IRON,HOUSE HOLD,no,no,NO,,Item,SALE,,,
957225,Handkerchief,1,0,15,0,,0,0,,,STEAM IRON,HOUSE HOLD,no,no,NO,,Item,SALE,,,
957222,Towel,0,0,0,0,,0,0,,,STEAM IRON,HOUSE HOLD,no,no,NO,,ItemGroup,SALE,Type,,
957223,Towel-Normal,1,0,0,0,,0,0,,,STEAM IRON,HOUSE HOLD,no,no,NO,,group,SALE,Normal,,
957224,Towel-Hand,1,0,0,0,,0,0,,,STEAM IRON,HOUSE HOLD,no,no,NO,,group,SALE,Hand,,
957219,Table Cloth,0,0,0,0,,0,0,,,STEAM IRON,HOUSE HOLD,no,no,NO,,ItemGroup,SALE,Type,,
957220,Table Cloth-Small,1,0,15,0,,0,0,,,STEAM IRON,HOUSE HOLD,no,no,NO,,group,SALE,Small,,
957221,Table Cloth-Large,1,0,25,0,,0,0,,,STEAM IRON,HOUSE HOLD,no,no,NO,,group,SALE,Large,,
957215,Cushion or Pillow,0,0,0,0,,0,0,,,STEAM IRON,HOUSE HOLD,no,no,NO,,ItemGroup,SALE,Type,,
957216,Cushion or Pillow-Small,1,0,0,0,,0,0,,,STEAM IRON,HOUSE HOLD,no,no,NO,,group,SALE,Small,,
957217,Cushion or Pillow-Medium,1,0,0,0,,0,0,,,STEAM IRON,HOUSE HOLD,no,no,NO,,group,SALE,Medium,,
957218,Cushion or Pillow-Large,1,0,0,0,,0,0,,,STEAM IRON,HOUSE HOLD,no,no,NO,,group,SALE,Large,,
957211,Sofa or Cushion Pillow Cover,0,0,0,0,,0,0,,,STEAM IRON,HOUSE HOLD,no,no,NO,,ItemGroup,SALE,Type,,
957212,Sofa or Cushion Pillow Cover-Small,1,0,0,0,,0,0,,,STEAM IRON,HOUSE HOLD,no,no,NO,,group,SALE,Small,,
957213,Sofa or Cushion Pillow Cover-Medium,1,0,0,0,,0,0,,,STEAM IRON,HOUSE HOLD,no,no,NO,,group,SALE,Medium,,
957214,Sofa or Cushion Pillow Cover-Large,1,0,0,0,,0,0,,,STEAM IRON,HOUSE HOLD,no,no,NO,,group,SALE,Large,,
957208,Curtain Door,,0,0,0,,0,0,,,STEAM IRON,HOUSE HOLD,no,no,NO,,ItemGroup,SALE,Type,,
957209,Curtain Door-Without Liner,1,0,60,0,null,0,0,,,STEAM IRON,HOUSE HOLD,no,no,NO,,group,SALE,Without Liner,,
957210,Curtain Door-With Liner Per Panel  ,1,0,100,0,null,0,0,,,STEAM IRON,HOUSE HOLD,no,no,NO,,group,SALE,With Liner Per Panel  ,,
957205,Curtain Window,,0,0,0,,0,0,,,STEAM IRON,HOUSE HOLD,no,no,NO,,ItemGroup,SALE,Type,,
957206,Curtain Window-Without LinerPer,1,0,0,0,null,0,0,,,STEAM IRON,HOUSE HOLD,no,no,NO,,group,SALE,Without LinerPer,,
957207,Curtain Window-With Liner Per  Panel,1,0,60,0,null,0,0,,,STEAM IRON,HOUSE HOLD,no,no,NO,,group,SALE,With Liner Per  Panel,,
957202,Quilt Cover ,0,0,0,0,,0,0,,,STEAM IRON,HOUSE HOLD,no,no,NO,,ItemGroup,SALE,Type,,
957203,Quilt Cover -Single,1,0,0,0,,0,0,,,STEAM IRON,HOUSE HOLD,no,no,NO,,group,SALE,Single,,
957204,Quilt Cover -Double,1,0,0,0,,0,0,,,STEAM IRON,HOUSE HOLD,no,no,NO,,group,SALE,Double,,
957199,BedSheet,0,0,0,0,,0,0,,,STEAM IRON,HOUSE HOLD,no,no,NO,,ItemGroup,SALE,Type,,
957200,BedSheet-Single,1,0,20,0,,0,0,,,STEAM IRON,HOUSE HOLD,no,no,NO,,group,SALE,Single,,
957201,BedSheet-Double,1,0,30,0,,0,0,,,STEAM IRON,HOUSE HOLD,no,no,NO,,group,SALE,Double,,
957196,Blanket Spread Summer Comforter,0,0,0,0,,0,0,,,STEAM IRON,HOUSE HOLD,no,no,NO,,ItemGroup,SALE,Type,,
957197,Blanket Spread Summer Comforter-Single,1,0,0,0,,0,0,,,STEAM IRON,HOUSE HOLD,no,no,NO,,group,SALE,Single,,
957198,Blanket Spread Summer Comforter-Double,1,0,0,0,,0,0,,,STEAM IRON,HOUSE HOLD,no,no,NO,,group,SALE,Double,,
957193,Quilt,0,0,0,0,,0,0,,,STEAM IRON,HOUSE HOLD,no,no,NO,,ItemGroup,SALE,Type,,
957194,Quilt-Single,1,0,40,0,,0,0,,,STEAM IRON,HOUSE HOLD,no,no,NO,,group,SALE,Single,,
957195,Quilt-Double,1,0,75,0,,0,0,,,STEAM IRON,HOUSE HOLD,no,no,NO,,group,SALE,Double,,
957190,Blanket Double,0,0,0,0,,0,0,,,STEAM IRON,HOUSE HOLD,no,no,NO,,ItemGroup,SALE,Type,,
957191,Blanket Double-Single Layer,1,0,0,0,,0,0,,,STEAM IRON,HOUSE HOLD,no,no,NO,,group,SALE,Single Layer,,
957192,Blanket Double-Double Layer,1,0,0,0,,0,0,,,STEAM IRON,HOUSE HOLD,no,no,NO,,group,SALE,Double Layer,,
957187,Blanket Single ,0,0,0,0,,0,0,,,STEAM IRON,HOUSE HOLD,no,no,NO,,ItemGroup,SALE,Type,,
957188,Blanket Single -Single Layer,1,0,0,0,,0,0,,,STEAM IRON,HOUSE HOLD,no,no,NO,,group,SALE,Single Layer,,
957189,Blanket Single -Double Layer,1,0,0,0,,0,0,,,STEAM IRON,HOUSE HOLD,no,no,NO,,group,SALE,Double Layer,,
957186,Child Frock,1,0,0,0,,0,0,,,STEAM IRON,KIDS,no,no,NO,,Item,SALE,,,
957185,Tie,1,0,10,0,,0,0,,,STEAM IRON,KIDS,no,no,NO,,Item,SALE,,,
957184,Skirt,1,0,20,0,,0,0,,,STEAM IRON,KIDS,no,no,NO,,Item,SALE,,,
957183,Swimming Costume,1,0,15,0,,0,0,,,STEAM IRON,KIDS,no,no,NO,,Item,SALE,,,
957182,Achkan,1,0,75,0,,0,0,,,STEAM IRON,KIDS,no,no,NO,,Item,SALE,,,
957181,Pathani Suit,1,0,0,0,,0,0,,,STEAM IRON,KIDS,no,no,NO,,Item,SALE,,,
957180,Sweater Half,1,0,0,0,,0,0,,,STEAM IRON,KIDS,no,no,NO,,Item,SALE,,,
957179,Waist Coat,1,0,25,0,,0,0,,,STEAM IRON,KIDS,no,no,NO,,Item,SALE,,,
957178,Sweat Shirt,1,0,20,0,,0,0,,,STEAM IRON,KIDS,no,no,NO,,Item,SALE,,,
957177,Long Coat,1,0,0,0,,0,0,,,STEAM IRON,KIDS,no,no,NO,,Item,SALE,,,
957176,Choli,1,0,0,0,,0,0,,,STEAM IRON,KIDS,no,no,NO,,Item,SALE,,,
957175,Lehnga,1,0,40,0,,0,0,,,STEAM IRON,KIDS,no,no,NO,,Item,SALE,,,
957174,Dangree,1,0,40,0,,0,0,,,STEAM IRON,KIDS,no,no,NO,,Item,SALE,,,
957173,Coat,1,0,0,0,,0,0,,,STEAM IRON,KIDS,no,no,NO,,Item,SALE,,,
957172,Gown,1,0,0,0,,0,0,,,STEAM IRON,KIDS,no,no,NO,,Item,SALE,,,
957171,Girl Suit Ethnic,1,0,0,0,,0,0,,,STEAM IRON,KIDS,no,no,NO,,Item,SALE,,,
957168,Dress,0,0,0,0,,0,0,,,STEAM IRON,KIDS,no,no,NO,,ItemGroup,SALE,Type,,
957169,Dress-Long,1,0,0,0,,0,0,,,STEAM IRON,KIDS,no,no,NO,,group,SALE,Long,,
957170,Dress-Normal,1,0,0,0,,0,0,,,STEAM IRON,KIDS,no,no,NO,,group,SALE,Normal,,
957167,Shorts,1,0,15,0,,0,0,,,STEAM IRON,KIDS,no,no,NO,,Item,SALE,,,
957166,Capri,1,0,20,0,,0,0,,,STEAM IRON,KIDS,no,no,NO,,Item,SALE,,,
957165,T Shirt,1,0,20,0,,0,0,,,STEAM IRON,KIDS,no,no,NO,,Item,SALE,,,
957162,Suit ,0,0,0,0,,0,0,,,STEAM IRON,KIDS,no,no,NO,,ItemGroup,SALE,Type,,
957163,Suit -2 Pcs,2,0,50,0,,0,0,,,STEAM IRON,KIDS,no,no,NO,,group,SALE,2 Pcs,,
957164,Suit -3 Pcs,3,0,70,0,,0,0,,,STEAM IRON,KIDS,no,no,NO,,group,SALE,3 Pcs,,
957161,Pullover,1,0,0,0,,0,0,,,STEAM IRON,KIDS,no,no,NO,,Item,SALE,,,
957160,Sherwani,1,0,0,0,,0,0,,,STEAM IRON,KIDS,no,no,NO,,Item,SALE,,,
957156,Jacket,0,0,0,0,,0,0,,,STEAM IRON,KIDS,no,no,NO,,ItemGroup,SALE,Type,,
957157,Jacket-Normal,1,0,15,0,,0,0,,,STEAM IRON,KIDS,no,no,NO,,group,SALE,Normal,,
957158,Jacket-Sport ,1,0,15,0,,0,0,,,STEAM IRON,KIDS,no,no,NO,,group,SALE,Sport ,,
957159,Jacket-Half,1,0,0,0,,0,0,,,STEAM IRON,KIDS,no,no,NO,,group,SALE,Half,,
957155,Track Pant,1,0,20,0,,0,0,,,STEAM IRON,KIDS,no,no,NO,,Item,SALE,,,
957154,Pyjama,1,0,0,0,,0,0,,,STEAM IRON,KIDS,no,no,NO,,Item,SALE,,,
957153,Kurta Pyajama,1,0,15,0,,0,0,,,STEAM IRON,KIDS,no,no,NO,,Item,SALE,,,
957152,Kurta,1,0,20,0,,0,0,,,STEAM IRON,KIDS,no,no,NO,,Item,SALE,,,
957151,Pants,1,0,20,0,,0,0,,,STEAM IRON,KIDS,no,no,NO,,Item,SALE,,,
957150,Jeans,1,0,20,0,,0,0,,,STEAM IRON,KIDS,no,no,NO,,Item,SALE,,,
957149,Shirt,1,0,20,0,,0,0,,,STEAM IRON,KIDS,no,no,NO,,Item,SALE,,,
957145,Rida,0,0,0,0,,0,0,,,STEAM IRON,WOMEN,no,no,NO,,ItemGroup,SALE,Type,,
957146,Rida-Plain,1,0,0,0,,0,0,,,STEAM IRON,WOMEN,no,no,NO,,group,SALE,Plain,,
957147,Rida-Heavy,1,0,0,0,,0,0,,,STEAM IRON,WOMEN,no,no,NO,,group,SALE,Heavy,,
957148,Rida-Very Heavy,1,0,0,0,,0,0,,,STEAM IRON,WOMEN,no,no,NO,,group,SALE,Very Heavy,,
957144,Gloves,1,0,0,0,,0,0,,,STEAM IRON,WOMEN,no,no,NO,,Item,SALE,,,
957143,Panty Under Wear,1,0,0,0,,0,0,,,STEAM IRON,WOMEN,no,no,NO,,Item,SALE,,,
957142,Sameez,1,0,20,0,,0,0,,,STEAM IRON,WOMEN,no,no,NO,,Item,SALE,,,
957141,Brassieres,1,0,20,0,,0,0,,,STEAM IRON,WOMEN,no,no,NO,,Item,SALE,,,
957140,Bikini,1,0,20,0,,0,0,,,STEAM IRON,WOMEN,no,no,NO,,Item,SALE,,,
957139,Swimming Costume,1,0,20,0,,0,0,,,STEAM IRON,WOMEN,no,no,NO,,Item,SALE,,,
957138,Stocking,1,0,20,0,,0,0,,,STEAM IRON,WOMEN,no,no,NO,,Item,SALE,,,
957137,Jumper,1,0,40,0,,0,0,,,STEAM IRON,WOMEN,no,no,NO,,Item,SALE,,,
957136,Shawl,1,0,20,0,,0,0,,,STEAM IRON,WOMEN,no,no,NO,,Item,SALE,,,
957135,Windcheater,1,0,0,0,,0,0,,,STEAM IRON,WOMEN,no,no,NO,,Item,SALE,,,
957130,Jacket,0,0,0,0,,0,0,,,STEAM IRON,WOMEN,no,no,NO,,ItemGroup,SALE,Type,,
957131,Jacket-Half  sleeves,1,0,0,0,,0,0,,,STEAM IRON,WOMEN,no,no,NO,,group,SALE,Half  sleeves,,
957132,Jacket-Full sleeves,1,0,0,0,,0,0,,,STEAM IRON,WOMEN,no,no,NO,,group,SALE,Full sleeves,,
957133,Jacket-Sports,1,0,0,0,,0,0,,,STEAM IRON,WOMEN,no,no,NO,,group,SALE,Sports,,
957134,Jacket-Leather,1,0,0,0,,0,0,,,STEAM IRON,WOMEN,no,no,NO,,group,SALE,Leather,,
957129,Sweat pant,1,0,0,0,,0,0,,,STEAM IRON,WOMEN,no,no,NO,,Item,SALE,,,
957128,Pullover,1,0,0,0,,0,0,,,STEAM IRON,WOMEN,no,no,NO,,Item,SALE,,,
957127,Over Coat,1,0,0,0,,0,0,,,STEAM IRON,WOMEN,no,no,NO,,Item,SALE,,,
957124,Long Coat,0,0,0,0,,0,0,,,STEAM IRON,WOMEN,no,no,NO,,ItemGroup,SALE,Type,,
957125,Long Coat-Normal,1,0,0,0,,0,0,,,STEAM IRON,WOMEN,no,no,NO,,group,SALE,Normal,,
957126,Long Coat-Fur fluffy,1,0,0,0,,0,0,,,STEAM IRON,WOMEN,no,no,NO,,group,SALE,Fur fluffy,,
957121,Coat,0,0,0,0,,0,0,,,STEAM IRON,WOMEN,no,no,NO,,ItemGroup,SALE,Type,,
957122,Coat-Normal,1,0,0,0,,0,0,,,STEAM IRON,WOMEN,no,no,NO,,group,SALE,Normal,,
957123,Coat-Fur fluffy,1,0,0,0,,0,0,,,STEAM IRON,WOMEN,no,no,NO,,group,SALE,Fur fluffy,,
957117,Sweater Cardigan,0,0,0,0,,0,0,,,STEAM IRON,WOMEN,no,no,NO,,ItemGroup,SALE,Type,,
957118,Sweater Cardigan-Half Sleeves Plain,1,0,0,0,,0,0,,,STEAM IRON,WOMEN,no,no,NO,,group,SALE,Half Sleeves Plain,,
957119,Sweater Cardigan-Half sleeves,1,0,0,0,,0,0,,,STEAM IRON,WOMEN,no,no,NO,,group,SALE,Half sleeves,,
957120,Sweater Cardigan-Full sleeves,1,0,0,0,,0,0,,,STEAM IRON,WOMEN,no,no,NO,,group,SALE,Full sleeves,,
957114,Sweat Shirt,0,0,0,0,,0,0,,,STEAM IRON,WOMEN,no,no,NO,,ItemGroup,SALE,Type,,
957115,Sweat Shirt-without hood,1,0,0,0,,0,0,,,STEAM IRON,WOMEN,no,no,NO,,group,SALE,without hood,,
957116,Sweat Shirt-with hood,1,0,0,0,,0,0,,,STEAM IRON,WOMEN,no,no,NO,,group,SALE,with hood,,
957113,Dangree,1,0,40,0,,0,0,,,STEAM IRON,WOMEN,no,no,NO,,Item,SALE,,,
957109,Lehenga Bridal,0,0,0,0,,0,0,,,STEAM IRON,WOMEN,no,no,NO,,ItemGroup,SALE,Type,,
957110,Lehenga Bridal-More than 5kg,1,0,0,0,,0,0,,,STEAM IRON,WOMEN,no,no,NO,,group,SALE,More than 5kg,,
957111,Lehenga Bridal-Upto 5 Kg,1,0,250,0,,0,0,,,STEAM IRON,WOMEN,no,no,NO,,group,SALE,Upto 5 Kg,,
957112,Lehenga Bridal-More than 10 Kg,1,0,750,0,,0,0,,,STEAM IRON,WOMEN,no,no,NO,,group,SALE,More than 10 Kg,,
957106,Lehenga 3 Pcs ,0,0,0,0,,0,0,,,STEAM IRON,WOMEN,no,no,NO,,ItemGroup,SALE,Type,,
957107,Lehenga 3 Pcs -Plain,1,0,150,0,,0,0,,,STEAM IRON,WOMEN,no,no,NO,,group,SALE,Plain,,
957108,Lehenga 3 Pcs -Heavy,1,0,200,0,,0,0,,,STEAM IRON,WOMEN,no,no,NO,,group,SALE,Heavy,,
957103,Lehenga 2 Pcs ,0,0,0,0,,0,0,,,STEAM IRON,WOMEN,no,no,NO,,ItemGroup,SALE,Type,,
957104,Lehenga 2 Pcs -Plain,1,0,100,0,,0,0,,,STEAM IRON,WOMEN,no,no,NO,,group,SALE,Plain,,
957105,Lehenga 2 Pcs -Heavy,1,0,150,0,,0,0,,,STEAM IRON,WOMEN,no,no,NO,,group,SALE,Heavy,,
957100,Saree Bridal Weight ,0,0,0,0,,0,0,,,STEAM IRON,WOMEN,no,no,NO,,ItemGroup,SALE,Type,,
957101,Saree Bridal Weight -Upto 5 Kg,1,0,0,0,,0,0,,,STEAM IRON,WOMEN,no,no,NO,,group,SALE,Upto 5 Kg,,
957102,Saree Bridal Weight -Upto 10 Kg,1,0,0,0,,0,0,,,STEAM IRON,WOMEN,no,no,NO,,group,SALE,Upto 10 Kg,,
957096,Saree,0,0,0,0,,0,0,,,STEAM IRON,WOMEN,no,no,NO,,ItemGroup,SALE,Type,,
957097,Saree-Plain,1,0,60,0,,0,0,,,STEAM IRON,WOMEN,no,no,NO,,group,SALE,Plain,,
957098,Saree-Heavy,1,0,80,0,,0,0,,,STEAM IRON,WOMEN,no,no,NO,,group,SALE,Heavy,,
957099,Saree-Very Heavy,1,0,100,0,,0,0,,,STEAM IRON,WOMEN,no,no,NO,,group,SALE,Very Heavy,,
957092,Gown,0,0,0,0,,0,0,,,STEAM IRON,WOMEN,no,no,NO,,ItemGroup,SALE,Type,,
957093,Gown-Plain,1,0,0,0,,0,0,,,STEAM IRON,WOMEN,no,no,NO,,group,SALE,Plain,,
957094,Gown-Heavy,1,0,0,0,,0,0,,,STEAM IRON,WOMEN,no,no,NO,,group,SALE,Heavy,,
957095,Gown-Bridal,1,0,0,0,,0,0,,,STEAM IRON,WOMEN,no,no,NO,,group,SALE,Bridal,,
957091,Sharara,1,0,0,0,,0,0,,,STEAM IRON,WOMEN,no,no,NO,,Item,SALE,,,
957087,Suit 3 Pcs,0,0,0,0,,0,0,,,STEAM IRON,WOMEN,no,no,NO,,ItemGroup,SALE,Type,,
957088,Suit 3 Pcs-Light,3,0,0,0,,0,0,,,STEAM IRON,WOMEN,no,no,NO,,group,SALE,Light,,
957089,Suit 3 Pcs-Heavy,3,0,0,0,,0,0,,,STEAM IRON,WOMEN,no,no,NO,,group,SALE,Heavy,,
957090,Suit 3 Pcs-Very Heavy,3,0,0,0,,0,0,,,STEAM IRON,WOMEN,no,no,NO,,group,SALE,Very Heavy,,
957083,Suit 2 Pcs,0,0,0,0,,0,0,,,STEAM IRON,WOMEN,no,no,NO,,ItemGroup,SALE,Type,,
957084,Suit 2 Pcs-Light,2,0,0,0,,0,0,,,STEAM IRON,WOMEN,no,no,NO,,group,SALE,Light,,
957085,Suit 2 Pcs-Heavy,2,0,0,0,,0,0,,,STEAM IRON,WOMEN,no,no,NO,,group,SALE,Heavy,,
957086,Suit 2 Pcs-Very Heavy,2,0,0,0,,0,0,,,STEAM IRON,WOMEN,no,no,NO,,group,SALE,Very Heavy,,
957082,Ladies Suit Western,1,0,0,0,,0,0,,,STEAM IRON,WOMEN,no,no,NO,,Item,SALE,,,
957081,Wedding Dress,1,0,0,0,,0,0,,,STEAM IRON,WOMEN,no,no,NO,,Item,SALE,,,
957078,Dress,0,0,0,0,,0,0,,,STEAM IRON,WOMEN,no,no,NO,,ItemGroup,SALE,Type,,
957079,Dress-Normal,1,0,0,0,,0,0,,,STEAM IRON,WOMEN,no,no,NO,,group,SALE,Normal,,
957080,Dress-Long,1,0,0,0,,0,0,,,STEAM IRON,WOMEN,no,no,NO,,group,SALE,Long,,
957077,Petti Coat,1,0,20,0,,0,0,,,STEAM IRON,WOMEN,no,no,NO,,Item,SALE,,,
957076,Track Pant,1,0,20,0,,0,0,,,STEAM IRON,WOMEN,no,no,NO,,Item,SALE,,,
957075,Capri,1,0,20,0,,0,0,,,STEAM IRON,WOMEN,no,no,NO,,Item,SALE,,,
957074,Lower,1,0,15,0,,0,0,,,STEAM IRON,WOMEN,no,no,NO,,Item,SALE,,,
957073,Slacks,1,0,15,0,,0,0,,,STEAM IRON,WOMEN,no,no,NO,,Item,SALE,,,
957072,Leggings,1,0,20,0,,0,0,,,STEAM IRON,WOMEN,no,no,NO,,Item,SALE,,,
957068,Plazo,0,0,0,0,,0,0,,,STEAM IRON,WOMEN,no,no,NO,,ItemGroup,SALE,Type,,
957069,Plazo-Plain,1,0,20,0,,0,0,,,STEAM IRON,WOMEN,no,no,NO,,group,SALE,Plain,,
957070,Plazo-Heavy,1,0,30,0,,0,0,,,STEAM IRON,WOMEN,no,no,NO,,group,SALE,Heavy,,
957071,Plazo-Very Heavy,1,0,50,0,,0,0,,,STEAM IRON,WOMEN,no,no,NO,,group,SALE,Very Heavy,,
957064,Salwar,0,0,0,0,,0,0,,,STEAM IRON,WOMEN,no,no,NO,,ItemGroup,SALE,Type,,
957065,Salwar-Plain,1,0,20,0,,0,0,,,STEAM IRON,WOMEN,no,no,NO,,group,SALE,Plain,,
957066,Salwar-Heavy,1,0,25,0,,0,0,,,STEAM IRON,WOMEN,no,no,NO,,group,SALE,Heavy,,
957067,Salwar-Very Heavy,1,0,40,0,,0,0,,,STEAM IRON,WOMEN,no,no,NO,,group,SALE,Very Heavy,,
957063,Jeans,1,0,15,0,,0,0,,,STEAM IRON,WOMEN,no,no,NO,,Item,SALE,,,
957062,Pants,1,0,15,0,,0,0,,,STEAM IRON,WOMEN,no,no,NO,,Item,SALE,,,
957061,Ladies Suit Ethnic,1,0,0,0,,0,0,,,STEAM IRON,WOMEN,no,no,NO,,Item,SALE,,,
957057,Dupatta,0,0,0,0,,0,0,,,STEAM IRON,WOMEN,no,no,NO,,ItemGroup,SALE,Type,,
957058,Dupatta-Plain,1,0,15,0,,0,0,,,STEAM IRON,WOMEN,no,no,NO,,group,SALE,Plain,,
957059,Dupatta-Heavy,1,0,25,0,,0,0,,,STEAM IRON,WOMEN,no,no,NO,,group,SALE,Heavy,,
957060,Dupatta-Very Heavy,1,0,40,0,,0,0,,,STEAM IRON,WOMEN,no,no,NO,,group,SALE,Very Heavy,,
957053,Blouse,0,0,0,0,,0,0,,,STEAM IRON,WOMEN,no,no,NO,,ItemGroup,SALE,Type,,
957054,Blouse-Plain,1,0,20,0,,0,0,,,STEAM IRON,WOMEN,no,no,NO,,group,SALE,Plain,,
957055,Blouse-Heavy,1,0,25,0,,0,0,,,STEAM IRON,WOMEN,no,no,NO,,group,SALE,Heavy,,
957056,Blouse-Very Heavy,1,0,50,0,,0,0,,,STEAM IRON,WOMEN,no,no,NO,,group,SALE,Very Heavy,,
957052,Choli,1,0,0,0,,0,0,,,STEAM IRON,WOMEN,no,no,NO,,Item,SALE,,,
957048,Skirt Long ,0,0,0,0,,0,0,,,STEAM IRON,WOMEN,no,no,NO,,ItemGroup,SALE,Type,,
957049,Skirt Long -Plain,1,0,30,0,,0,0,,,STEAM IRON,WOMEN,no,no,NO,,group,SALE,Plain,,
957050,Skirt Long -Heavy,1,0,50,0,,0,0,,,STEAM IRON,WOMEN,no,no,NO,,group,SALE,Heavy,,
957051,Skirt Long -Very Heavy,1,0,70,0,,0,0,,,STEAM IRON,WOMEN,no,no,NO,,group,SALE,Very Heavy,,
957044,Skirt Short,0,0,0,0,,0,0,,,STEAM IRON,WOMEN,no,no,NO,,ItemGroup,SALE,Type,,
957045,Skirt Short-Plain,1,0,20,0,,0,0,,,STEAM IRON,WOMEN,no,no,NO,,group,SALE,Plain,,
957046,Skirt Short-Heavy,1,0,30,0,,0,0,,,STEAM IRON,WOMEN,no,no,NO,,group,SALE,Heavy,,
957047,Skirt Short-Very Heavy,1,0,50,0,,0,0,,,STEAM IRON,WOMEN,no,no,NO,,group,SALE,Very Heavy,,
957040,Kurta Kameez,0,0,0,0,,0,0,,,STEAM IRON,WOMEN,no,no,NO,,ItemGroup,SALE,Type,,
957041,Kurta Kameez-Plain,1,0,20,0,,0,0,,,STEAM IRON,WOMEN,no,no,NO,,group,SALE,Plain,,
957042,Kurta Kameez-Heavy,1,0,40,0,,0,0,,,STEAM IRON,WOMEN,no,no,NO,,group,SALE,Heavy,,
957043,Kurta Kameez-Very Heavy,1,0,60,0,,0,0,,,STEAM IRON,WOMEN,no,no,NO,,group,SALE,Very Heavy,,
957036,Top,0,0,0,0,,0,0,,,STEAM IRON,WOMEN,no,no,NO,,ItemGroup,SALE,Type,,
957037,Top-Plain,1,0,20,0,,0,0,,,STEAM IRON,WOMEN,no,no,NO,,group,SALE,Plain,,
957038,Top-Heavy,1,0,35,0,,0,0,,,STEAM IRON,WOMEN,no,no,NO,,group,SALE,Heavy,,
957039,Top-Very Heavy,1,0,0,0,,0,0,,,STEAM IRON,WOMEN,no,no,NO,,group,SALE,Very Heavy,,
957033,Suit,0,0,0,0,,0,0,,,STEAM IRON,WOMEN,no,no,NO,,ItemGroup,SALE,Type,,
957034,Suit-2Pcs,1,0,0,0,,0,0,,,STEAM IRON,WOMEN,no,no,NO,,group,SALE,2Pcs,,
957035,Suit-3Pcs,1,0,70,0,,0,0,,,STEAM IRON,WOMEN,no,no,NO,,group,SALE,3Pcs,,
957032,Blazer,1,0,50,0,,0,0,,,STEAM IRON,WOMEN,no,no,NO,,Item,SALE,,,
957031,T Shirt,1,0,20,0,,0,0,,,STEAM IRON,WOMEN,no,no,NO,,Item,SALE,,,
957026,Shirt,0,0,0,0,,0,0,,,STEAM IRON,WOMEN,no,no,NO,,ItemGroup,SALE,Type,,
957027,Shirt-Full,1,0,0,0,,0,0,,,STEAM IRON,WOMEN,no,no,NO,,group,SALE,Full,,
957028,Shirt-Half,1,0,0,0,,0,0,,,STEAM IRON,WOMEN,no,no,NO,,group,SALE,Half,,
957029,Shirt-Shirt,1,0,0,0,,0,0,,,STEAM IRON,WOMEN,no,no,NO,,group,SALE,Shirt,,
957030,Shirt-Woolen,1,0,0,0,,0,0,,,STEAM IRON,WOMEN,no,no,NO,,group,SALE,Woolen,,
957025,Uniform(General),1,0,0,0,,0,0,,,STEAM IRON,MEN,no,no,NO,,Item,SALE,,,
957024,Laundry Garment,1,0,20,0,,0,0,,,STEAM IRON,MEN,no,no,NO,,Item,SALE,,,
957023,Rain Coat,1,0,20,0,,0,0,,,STEAM IRON,MEN,no,no,NO,,Item,SALE,,,
957022,Swimming Costume,1,0,0,0,,0,0,,,STEAM IRON,MEN,no,no,NO,,Item,SALE,,,
957021,Achkan,1,0,0,0,,0,0,,,STEAM IRON,MEN,no,no,NO,,Item,SALE,,,
957020,Windcheater,1,0,50,0,,0,0,,,STEAM IRON,MEN,no,no,NO,,Item,SALE,,,
957014,Jacket ,0,0,0,0,,0,0,,,STEAM IRON,MEN,no,no,NO,,ItemGroup,SALE,Type,,
957015,Jacket -Half Sleeves,1,0,0,0,,0,0,,,STEAM IRON,MEN,no,no,NO,,group,SALE,Half Sleeves,,
957016,Jacket -Full Sleeves,1,0,0,0,,0,0,,,STEAM IRON,MEN,no,no,NO,,group,SALE,Full Sleeves,,
957017,Jacket -with hood,1,0,10,0,,0,0,,,STEAM IRON,MEN,no,no,NO,,group,SALE,with hood,,
957018,Jacket -Sports ,1,0,0,0,,0,0,,,STEAM IRON,MEN,no,no,NO,,group,SALE,Sports ,,
957019,Jacket -Leather ,1,0,20,0,,0,0,,,STEAM IRON,MEN,no,no,NO,,group,SALE,Leather ,,
957013,sweat pant,1,0,0,0,,0,0,,,STEAM IRON,MEN,no,no,NO,,Item,SALE,,,
957012,Long Pullover,1,0,0,0,,0,0,,,STEAM IRON,MEN,no,no,NO,,Item,SALE,,,
957011,Over coat,1,0,0,0,,0,0,,,STEAM IRON,MEN,no,no,NO,,Item,SALE,,,
957008,Long Coat,0,0,0,0,,0,0,,,STEAM IRON,MEN,no,no,NO,,ItemGroup,SALE,Type,,
957009,Long Coat-Normal,1,0,0,0,,0,0,,,STEAM IRON,MEN,no,no,NO,,group,SALE,Normal,,
957010,Long Coat-Fur Fluffy,1,0,0,0,,0,0,,,STEAM IRON,MEN,no,no,NO,,group,SALE,Fur Fluffy,,
957005,Coat ,0,0,0,0,,0,0,,,STEAM IRON,MEN,no,no,NO,,ItemGroup,SALE,Type,,
957006,Coat -Normal,1,0,0,0,,0,0,,,STEAM IRON,MEN,no,no,NO,,group,SALE,Normal,,
957007,Coat -Fur and Puffy,1,0,0,0,,0,0,,,STEAM IRON,MEN,no,no,NO,,group,SALE,Fur and Puffy,,
957002,Sweater ,0,0,0,0,,0,0,,,STEAM IRON,MEN,no,no,NO,,ItemGroup,SALE,Type,,
957003,Sweater -Half Sleeves,1,0,0,0,,0,0,,,STEAM IRON,MEN,no,no,NO,,group,SALE,Half Sleeves,,
957004,Sweater -Full Sleeves,1,0,0,0,,0,0,,,STEAM IRON,MEN,no,no,NO,,group,SALE,Full Sleeves,,
956999,SwetaShirt,0,0,0,0,,0,0,,,STEAM IRON,MEN,no,no,NO,,ItemGroup,SALE,Type,,
957000,SwetaShirt-without hood,1,0,0,0,,0,0,,,STEAM IRON,MEN,no,no,NO,,group,SALE,without hood,,
957001,SwetaShirt-with hood,1,0,0,0,,0,0,,,STEAM IRON,MEN,no,no,NO,,group,SALE,with hood,,
956995,Sherwani Bridal Weight,0,0,0,0,,0,0,,,STEAM IRON,MEN,no,no,NO,,ItemGroup,SALE,Type,,
956996,Sherwani Bridal Weight-2 and Half Kg,1,0,0,0,,0,0,,,STEAM IRON,MEN,no,no,NO,,group,SALE,2 and Half Kg,,
956997,Sherwani Bridal Weight-More Than 5 Kg,1,0,0,0,,0,0,,,STEAM IRON,MEN,no,no,NO,,group,SALE,More Than 5 Kg,,
956998,Sherwani Bridal Weight-More Than 10 Kg,1,0,0,0,,0,0,,,STEAM IRON,MEN,no,no,NO,,group,SALE,More Than 10 Kg,,
956994,Sherwani 3 pcs Light,3,0,0,0,,0,0,,,STEAM IRON,MEN,no,no,NO,,Item,SALE,,,
956991,Sherwani 2 pcs,0,0,0,0,,0,0,,,STEAM IRON,MEN,no,no,NO,,ItemGroup,SALE,Type,,
956992,Sherwani 2 pcs-Light,2,0,60,0,,0,0,,,STEAM IRON,MEN,no,no,NO,,group,SALE,Light,,
956993,Sherwani 2 pcs-Heavy,2,0,0,0,,0,0,,,STEAM IRON,MEN,no,no,NO,,group,SALE,Heavy,,
956990,Dhoti and Kurta,1,0,0,0,,0,0,,,STEAM IRON,MEN,no,no,NO,,Item,SALE,,,
956989,Kurta and Pyajama,1,0,100,0,,0,0,,,STEAM IRON,MEN,no,no,NO,,Item,SALE,,,
956988,Dangree,1,0,0,0,,0,0,,,STEAM IRON,MEN,no,no,NO,,Item,SALE,,,
956987,Track Suit,1,0,100,0,,0,0,,,STEAM IRON,MEN,no,no,NO,,Item,SALE,,,
956986,Tuxedo,1,0,150,0,,0,0,,,STEAM IRON,MEN,no,no,NO,,Item,SALE,,,
956985,Pathani Suit,1,0,0,0,,0,0,,,STEAM IRON,MEN,no,no,NO,,Item,SALE,,,
956984,Lungi,1,0,0,0,,0,0,,,STEAM IRON,MEN,no,no,NO,,Item,SALE,,,
956983,Dhoti,1,0,0,0,,0,0,,,STEAM IRON,MEN,no,no,NO,,Item,SALE,,,
956982,Track Pant,1,0,0,0,,0,0,,,STEAM IRON,MEN,no,no,NO,,Item,SALE,,,
956981,Capri,1,0,0,0,,0,0,,,STEAM IRON,MEN,no,no,NO,,Item,SALE,,,
956980,Shorts,1,0,0,0,,0,0,,,STEAM IRON,MEN,no,no,NO,,Item,SALE,,,
956979,Lower,1,0,40,0,,0,0,,,STEAM IRON,MEN,no,no,NO,,Item,SALE,,,
956978,Pyjama,1,0,0,0,,0,0,,,STEAM IRON,MEN,no,no,NO,,Item,SALE,,,
956977,Jeans,1,0,35,0,,0,0,,,STEAM IRON,MEN,no,no,NO,,Item,SALE,,,
956976,Pants,1,0,0,0,,0,0,,,STEAM IRON,MEN,no,no,NO,,Item,SALE,,,
956975,Vest,1,0,0,0,,0,0,,,STEAM IRON,MEN,no,no,NO,,Item,SALE,,,
956974,Undershirt,1,0,0,0,,0,0,,,STEAM IRON,MEN,no,no,NO,,Item,SALE,,,
956971,Suit,0,0,0,0,,0,0,,,STEAM IRON,MEN,no,no,NO,,ItemGroup,SALE,Type,,
956972,Suit-2 Pcs,2,0,15,0,,0,0,,,STEAM IRON,MEN,no,no,NO,,group,SALE,2 Pcs,,
956973,Suit-3 Pcs,3,0,0,0,,0,0,,,STEAM IRON,MEN,no,no,NO,,group,SALE,3 Pcs,,
956970,Waist Coat,1,0,15,0,,0,0,,,STEAM IRON,MEN,no,no,NO,,Item,SALE,,,
956969,Blazer,1,0,15,0,,0,0,,,STEAM IRON,MEN,no,no,NO,,Item,SALE,,,
956968,Kurta,1,0,0,0,,0,0,,,STEAM IRON,MEN,no,no,NO,,Item,SALE,,,
956964,Safari,0,0,0,0,,0,0,,,STEAM IRON,MEN,no,no,NO,,ItemGroup,SALE,Type,,
956965,Safari-Shirt,1,0,0,0,,0,0,,,STEAM IRON,MEN,no,no,NO,,group,SALE,Shirt,,
956966,Safari-Suit Coat,1,0,20,0,,0,0,,,STEAM IRON,MEN,no,no,NO,,group,SALE,Suit Coat,,
956967,Safari-Suit 2Pcs,2,0,0,0,,0,0,,,STEAM IRON,MEN,no,no,NO,,group,SALE,Suit 2Pcs,,
956963,T - Shirt,1,0,20,0,,0,0,,,STEAM IRON,MEN,no,no,NO,,Item,SALE,,,
956958,Shirt ,0,0,0,0,,0,0,,,STEAM IRON,MEN,no,no,NO,,ItemGroup,SALE,Type,,
956959,Shirt -Full,1,0,0,0,,0,0,,,STEAM IRON,MEN,no,no,NO,,group,SALE,Full,,
956960,Shirt -Half,1,0,15,0,,0,0,,,STEAM IRON,MEN,no,no,NO,,group,SALE,Half,,
956961,Shirt -Silk,1,0,0,0,,0,0,,,STEAM IRON,MEN,no,no,NO,,group,SALE,Silk,,
956962,Shirt -Woolen,1,0,0,0,,0,0,,,STEAM IRON,MEN,no,no,NO,,group,SALE,Woolen,,
956957,Payjama,1,0,0,0,,0,0,,,DRY CLEAN,INSTITUTIONAL,no,no,NO,,Item,SALE,,,
956954,Blanket ,0,0,0,0,,0,0,,,DRY CLEAN,INSTITUTIONAL,no,no,NO,,ItemGroup,SALE,Type,,
956955,Blanket -Single,1,0,0,0,,0,0,,,DRY CLEAN,INSTITUTIONAL,no,no,NO,,group,SALE,Single,,
956956,Blanket -Double,1,0,0,0,,0,0,,,DRY CLEAN,INSTITUTIONAL,no,no,NO,,group,SALE,Double,,
956953,Carpet,1,0,0,0,,0,0,,,DRY CLEAN,INSTITUTIONAL,no,no,NO,,Item,SALE,,,
956952,Blanket Quilt Single Layer Single,1,0,0,0,,0,0,,,DRY CLEAN,INSTITUTIONAL,no,no,NO,,Item,SALE,,,
956951,Pillow Covers,1,0,0,0,,0,0,,,DRY CLEAN,INSTITUTIONAL,no,no,NO,,Item,SALE,,,
956950,Sofa Cushion Pillow Cover Small,1,0,0,0,,0,0,,,DRY CLEAN,INSTITUTIONAL,no,no,NO,,Item,SALE,,,
956949,Cushion Covers,1,0,0,0,,0,0,,,DRY CLEAN,INSTITUTIONAL,no,no,NO,,Item,SALE,,,
956948,Suit 2 Pcs,2,0,399,0,,0,0,,,DRY CLEAN,INSTITUTIONAL,no,no,NO,,Item,SALE,,,
956947,Kurta  Kameez Plain,1,0,0,0,,0,0,,,DRY CLEAN,INSTITUTIONAL,no,no,NO,,Item,SALE,,,
956946,Shirt,1,0,80,0,,0,0,,,DRY CLEAN,INSTITUTIONAL,no,no,NO,,Item,SALE,,,
956945,Saree,1,0,0,0,,0,0,,,DRY CLEAN,INSTITUTIONAL,no,no,NO,,Item,SALE,,,
956944,Salwar,1,0,0,0,,0,0,,,DRY CLEAN,INSTITUTIONAL,no,no,NO,,Item,SALE,,,
956943,Ladies Suit 2 pcs heavy without Dupatta,2,0,0,0,,0,0,,,DRY CLEAN,INSTITUTIONAL,no,no,NO,,Item,SALE,,,
956942,Gown,1,0,0,0,,0,0,,,DRY CLEAN,INSTITUTIONAL,no,no,NO,,Item,SALE,,,
956941,Lehnga,1,0,0,0,,0,0,,,DRY CLEAN,INSTITUTIONAL,no,no,NO,,Item,SALE,,,
956940,Scarf,1,0,0,0,,0,0,,,DRY CLEAN,INSTITUTIONAL,no,no,NO,,Item,SALE,,,
956939,Kameez,1,0,0,0,,0,0,,,DRY CLEAN,INSTITUTIONAL,no,no,NO,,Item,SALE,,,
956938,Sweater Cardigan Full Sleeves Plain,1,0,0,0,,0,0,,,DRY CLEAN,INSTITUTIONAL,no,no,NO,,Item,SALE,,,
956937,Cardigan,1,0,0,0,,0,0,,,DRY CLEAN,INSTITUTIONAL,no,no,NO,,Item,SALE,,,
956934,Jacket,0,0,0,0,,0,0,,,DRY CLEAN,INSTITUTIONAL,no,no,NO,,ItemGroup,SALE,Type,,
956935,Jacket-Normal,1,0,0,0,,0,0,,,DRY CLEAN,INSTITUTIONAL,no,no,NO,,group,SALE,Normal,,
956936,Jacket-Half,1,0,349,0,,0,0,,,DRY CLEAN,INSTITUTIONAL,no,no,NO,,group,SALE,Half,,
956933,Sweat Shirt,1,0,0,0,,0,0,,,DRY CLEAN,INSTITUTIONAL,no,no,NO,,Item,SALE,,,
956932,Overcoat,1,0,150,0,,0,0,,,DRY CLEAN,INSTITUTIONAL,no,no,NO,,Item,SALE,,,
956931,Sherwani,1,0,449,0,,0,0,,,DRY CLEAN,INSTITUTIONAL,no,no,NO,,Item,SALE,,,
956930,Shirt,1,0,349,0,,0,0,,,DRY CLEAN,INSTITUTIONAL,no,no,NO,,Item,SALE,,,
956929,Socks,2,0,0,0,,0,0,,,DRY CLEAN,ACCESSORIES,no,no,NO,,Item,SALE,,,
956928,Helmet,1,0,0,0,,0,0,,,DRY CLEAN,ACCESSORIES,no,no,NO,,Item,SALE,,,
956927,Belt,1,0,139,0,,0,0,,,DRY CLEAN,ACCESSORIES,no,no,NO,,Item,SALE,,,
956926,Hat,1,0,139,0,,0,0,,,DRY CLEAN,ACCESSORIES,no,no,NO,,Item,SALE,,,
956925,Gloves,2,0,275,0,,0,0,,,DRY CLEAN,ACCESSORIES,no,no,NO,,Item,SALE,,,
956924,Scarf,1,0,289,0,,0,0,,,DRY CLEAN,ACCESSORIES,no,no,NO,,Item,SALE,,,
956923,Tie,1,0,137,0,,0,0,,,DRY CLEAN,ACCESSORIES,no,no,NO,,Item,SALE,,,
956919,Trolley Bag ,0,0,0,0,,0,0,,,BAG CLEANING,BAGS,no,no,NO,,ItemGroup,SALE,Type,,
956920,Trolley Bag -Upto 18 Inch,1,0,0,0,,0,0,,,BAG CLEANING,BAGS,no,no,NO,,group,SALE,Upto 18 Inch,,
956921,Trolley Bag -Upto 24 inch,1,0,0,0,,0,0,,,BAG CLEANING,BAGS,no,no,NO,,group,SALE,Upto 24 inch,,
956922,Trolley Bag -Upto 36 inch,1,0,0,0,,0,0,,,BAG CLEANING,BAGS,no,no,NO,,group,SALE,Upto 36 inch,,
956918,Mountainers Bag pack,1,0,0,0,,0,0,,,BAG CLEANING,BAGS,no,no,NO,,Item,SALE,,,
956915,Handbag Leather,0,0,0,0,,0,0,,,BAG CLEANING,BAGS,no,no,NO,,ItemGroup,SALE,Type,,
956916,Handbag Leather-Small,1,0,0,0,,0,0,,,BAG CLEANING,BAGS,no,no,NO,,group,SALE,Small,,
956917,Handbag Leather-Large,1,0,0,0,,0,0,,,BAG CLEANING,BAGS,no,no,NO,,group,SALE,Large,,
956912,Handbag Convas or Jute Cloth,0,0,0,0,,0,0,,,BAG CLEANING,BAGS,no,no,NO,,ItemGroup,SALE,Type,,
956913,Handbag Convas or Jute Cloth-Small,1,0,0,0,,0,0,,,BAG CLEANING,BAGS,no,no,NO,,group,SALE,Small,,
956914,Handbag Convas or Jute Cloth-Large,1,0,0,0,,0,0,,,BAG CLEANING,BAGS,no,no,NO,,group,SALE,Large,,
956911,Bagpack Small,1,0,0,0,,0,0,,,BAG CLEANING,BAGS,no,no,NO,,Item,SALE,,,
956910,Knee Length Boots Pair,2,0,0,0,,0,0,,,SHOE CLEANING,SHOES,no,no,NO,,Item,SALE,,,
956909,Mid Lengh Boots Pair,2,0,599,0,,0,0,,,SHOE CLEANING,SHOES,no,no,NO,,Item,SALE,,,
956908,Ankle Length Boots Pair,2,0,699,0,,0,0,,,SHOE CLEANING,SHOES,no,no,NO,,Item,SALE,,,
956907,Slippers Pair,2,0,149,0,,0,0,,,SHOE CLEANING,SHOES,no,no,NO,,Item,SALE,,,
956906,Sandels Pair,2,0,249,0,,0,0,,,SHOE CLEANING,SHOES,no,no,NO,,Item,SALE,,,
956905,Suede Shoes Pair,2,0,449,0,,0,0,,,SHOE CLEANING,SHOES,no,no,NO,,Item,SALE,,,
956904,Leather Shoes Pair,2,0,449,0,,0,0,,,SHOE CLEANING,SHOES,no,no,NO,,Item,SALE,,,
956903,Canvas Shoes Pair,2,0,299,0,,0,0,,,SHOE CLEANING,SHOES,no,no,NO,,Item,SALE,,,
956902,Sports Shoes Pair,2,0,299,0,,0,0,,,SHOE CLEANING,SHOES,no,no,NO,,Item,SALE,,,
956901,Sofa Leather,1,0,0,0,,0,0,,,DRY CLEAN,HOUSE HOLD,no,no,NO,,Item,SALE,,,
956900,Sofa Normal fabric/ Rexin,1,0,0,0,,0,0,,,DRY CLEAN,HOUSE HOLD,no,no,NO,,Item,SALE,,,
956896,Soft Toy,0,0,0,0,,0,0,,,DRY CLEAN,HOUSE HOLD,no,no,NO,,ItemGroup,SALE,Type,,
956897,Soft Toy-Upto 12 Inches,1,0,0,0,,0,0,,,DRY CLEAN,HOUSE HOLD,no,no,NO,,group,SALE,Upto 12 Inches,,
956898,Soft Toy-More than 12 Inches and Upto 24 Inches,1,0,0,0,,0,0,,,DRY CLEAN,HOUSE HOLD,no,no,NO,,group,SALE,More than 12 Inches and Upto 24 Inches,,
956899,Soft Toy-Soft Toys More than 36 Inches,1,0,0,0,,0,0,,,DRY CLEAN,HOUSE HOLD,no,no,NO,,group,SALE,Soft Toys More than 36 Inches,,
956895,Blinds,1,0,0,0,,0,0,,,DRY CLEAN,HOUSE HOLD,no,no,NO,,Item,SALE,,,
956894,Duvet,1,0,0,0,,0,0,,,DRY CLEAN,HOUSE HOLD,no,no,NO,,Item,SALE,,,
956891,Carpets,,0,0,0,,0,0,,,DRY CLEAN,HOUSE HOLD,no,no,NO,,ItemGroup,SALE,Type,,
956892,Carpets-Normal,1,0,0,0,null,0,0,,,DRY CLEAN,HOUSE HOLD,no,no,NO,,group,SALE,Normal,,
956893,Carpets-Fur and Puffy,1,0,0,0,null,0,0,,,DRY CLEAN,HOUSE HOLD,no,no,NO,,group,SALE,Fur and Puffy,,
956890,Table Mat,1,0,0,0,,0,0,,,DRY CLEAN,HOUSE HOLD,no,no,NO,,Item,SALE,,,
956889,Foot Mats,1,0,0,0,,0,0,,,DRY CLEAN,HOUSE HOLD,no,no,NO,,Item,SALE,,,
956888,Chair Covers,1,0,0,0,,0,0,,,DRY CLEAN,HOUSE HOLD,no,no,NO,,Item,SALE,,,
956887,Handkerchief,1,0,0,0,,0,0,,,DRY CLEAN,HOUSE HOLD,no,no,NO,,Item,SALE,,,
956884,Towel,0,0,0,0,,0,0,,,DRY CLEAN,HOUSE HOLD,no,no,NO,,ItemGroup,SALE,Type,,
956885,Towel-Normal,1,0,0,0,,0,0,,,DRY CLEAN,HOUSE HOLD,no,no,NO,,group,SALE,Normal,,
956886,Towel-Hand,1,0,0,0,,0,0,,,DRY CLEAN,HOUSE HOLD,no,no,NO,,group,SALE,Hand,,
956881,Table Cloth,0,0,0,0,,0,0,,,DRY CLEAN,HOUSE HOLD,no,no,NO,,ItemGroup,SALE,Type,,
956882,Table Cloth-Small,1,0,0,0,,0,0,,,DRY CLEAN,HOUSE HOLD,no,no,NO,,group,SALE,Small,,
956883,Table Cloth-Large,1,0,0,0,,0,0,,,DRY CLEAN,HOUSE HOLD,no,no,NO,,group,SALE,Large,,
956877,Cushion Or Pillow,0,0,0,0,,0,0,,,DRY CLEAN,HOUSE HOLD,no,no,NO,,ItemGroup,SALE,Type,,
956878,Cushion Or Pillow-Small,1,0,0,0,,0,0,,,DRY CLEAN,HOUSE HOLD,no,no,NO,,group,SALE,Small,,
956879,Cushion Or Pillow-Medium,1,0,0,0,,0,0,,,DRY CLEAN,HOUSE HOLD,no,no,NO,,group,SALE,Medium,,
956880,Cushion Or Pillow-Large,1,0,0,0,,0,0,,,DRY CLEAN,HOUSE HOLD,no,no,NO,,group,SALE,Large,,
956873,Soaf or Cusion Pillow Cover,0,0,0,0,,0,0,,,DRY CLEAN,HOUSE HOLD,no,no,NO,,ItemGroup,SALE,Type,,
956874,Soaf or Cusion Pillow Cover-Small,1,0,0,0,,0,0,,,DRY CLEAN,HOUSE HOLD,no,no,NO,,group,SALE,Small,,
956875,Soaf or Cusion Pillow Cover-Medium,1,0,0,0,,0,0,,,DRY CLEAN,HOUSE HOLD,no,no,NO,,group,SALE,Medium,,
956876,Soaf or Cusion Pillow Cover-Large,1,0,0,0,,0,0,,,DRY CLEAN,HOUSE HOLD,no,no,NO,,group,SALE,Large,,
956870,Curtain Door,,0,0,0,,0,0,,,DRY CLEAN,HOUSE HOLD,no,no,NO,,ItemGroup,SALE,Type,,
956871,Curtain Door-Without Liner,1,0,0,0,null,0,0,,,DRY CLEAN,HOUSE HOLD,no,no,NO,,group,SALE,Without Liner,,
956872,Curtain Door-With Liner Per Panel  ,1,0,0,0,null,0,0,,,DRY CLEAN,HOUSE HOLD,no,no,NO,,group,SALE,With Liner Per Panel  ,,
956867,Curtain Window ,,0,0,0,,0,0,,,DRY CLEAN,HOUSE HOLD,no,no,NO,,ItemGroup,SALE,Type,,
956868,Curtain Window -Without Liner ,1,0,0,0,null,0,0,,,DRY CLEAN,HOUSE HOLD,no,no,NO,,group,SALE,Without Liner ,,
956869,Curtain Window -With Liner Per  Panel,1,0,0,0,null,0,0,,,DRY CLEAN,HOUSE HOLD,no,no,NO,,group,SALE,With Liner Per  Panel,,
956864,Quilt Cover,0,0,0,0,,0,0,,,DRY CLEAN,HOUSE HOLD,no,no,NO,,ItemGroup,SALE,Type,,
956865,Quilt Cover-Single,1,0,0,0,,0,0,,,DRY CLEAN,HOUSE HOLD,no,no,NO,,group,SALE,Single,,
956866,Quilt Cover-Double,1,0,0,0,,0,0,,,DRY CLEAN,HOUSE HOLD,no,no,NO,,group,SALE,Double,,
956861,Bed Sheet,0,0,0,0,,0,0,,,DRY CLEAN,HOUSE HOLD,no,no,NO,,ItemGroup,SALE,Type,,
956862,Bed Sheet-Single,1,0,0,0,,0,0,,,DRY CLEAN,HOUSE HOLD,no,no,NO,,group,SALE,Single,,
956863,Bed Sheet-Double,1,0,0,0,,0,0,,,DRY CLEAN,HOUSE HOLD,no,no,NO,,group,SALE,Double,,
956858,Bed Spread Summer Comforter ,0,0,0,0,,0,0,,,DRY CLEAN,HOUSE HOLD,no,no,NO,,ItemGroup,SALE,Type,,
956859,Bed Spread Summer Comforter -Single,1,0,0,0,,0,0,,,DRY CLEAN,HOUSE HOLD,no,no,NO,,group,SALE,Single,,
956860,Bed Spread Summer Comforter -Double,1,0,0,0,,0,0,,,DRY CLEAN,HOUSE HOLD,no,no,NO,,group,SALE,Double,,
956855,Quilt,0,0,0,0,,0,0,,,DRY CLEAN,HOUSE HOLD,no,no,NO,,ItemGroup,SALE,Type,,
956856,Quilt-Single,1,0,0,0,,0,0,,,DRY CLEAN,HOUSE HOLD,no,no,NO,,group,SALE,Single,,
956857,Quilt-Double,1,0,0,0,,0,0,,,DRY CLEAN,HOUSE HOLD,no,no,NO,,group,SALE,Double,,
956852,Blanket Double,0,0,0,0,,0,0,,,DRY CLEAN,HOUSE HOLD,no,no,NO,,ItemGroup,SALE,Type,,
956853,Blanket Double-Single Layer,1,0,0,0,,0,0,,,DRY CLEAN,HOUSE HOLD,no,no,NO,,group,SALE,Single Layer,,
956854,Blanket Double-Double Layer,1,0,0,0,,0,0,,,DRY CLEAN,HOUSE HOLD,no,no,NO,,group,SALE,Double Layer,,
956849,Blanket Single,0,0,0,0,,0,0,,,DRY CLEAN,HOUSE HOLD,no,no,NO,,ItemGroup,SALE,Type,,
956850,Blanket Single-Layer,1,0,0,0,,0,0,,,DRY CLEAN,HOUSE HOLD,no,no,NO,,group,SALE,Layer,,
956851,Blanket Single-Double Layer,1,0,0,0,,0,0,,,DRY CLEAN,HOUSE HOLD,no,no,NO,,group,SALE,Double Layer,,
956848,Child Frock,1,0,0,0,,0,0,,,DRY CLEAN,KIDS,no,no,NO,,Item,SALE,,,
956847,Tie,1,0,0,0,,0,0,,,DRY CLEAN,KIDS,no,no,NO,,Item,SALE,,,
956846,Skirt,1,0,0,0,,0,0,,,DRY CLEAN,KIDS,no,no,NO,,Item,SALE,,,
956845,Swimming Costume,1,0,0,0,,0,0,,,DRY CLEAN,KIDS,no,no,NO,,Item,SALE,,,
956844,Achkan,1,0,0,0,,0,0,,,DRY CLEAN,KIDS,no,no,NO,,Item,SALE,,,
956843,Pathani Suit,1,0,0,0,,0,0,,,DRY CLEAN,KIDS,no,no,NO,,Item,SALE,,,
956842,Sweater Half,1,0,0,0,,0,0,,,DRY CLEAN,KIDS,no,no,NO,,Item,SALE,,,
956841,Waist Coat,1,0,0,0,,0,0,,,DRY CLEAN,KIDS,no,no,NO,,Item,SALE,,,
956840,Sweat Shirt,1,0,0,0,,0,0,,,DRY CLEAN,KIDS,no,no,NO,,Item,SALE,,,
956839,Long Coat,1,0,0,0,,0,0,,,DRY CLEAN,KIDS,no,no,NO,,Item,SALE,,,
956838,Choli,1,0,0,0,,0,0,,,DRY CLEAN,KIDS,no,no,NO,,Item,SALE,,,
956837,Lehnga,1,0,0,0,,0,0,,,DRY CLEAN,KIDS,no,no,NO,,Item,SALE,,,
956836,Dangree,1,0,0,0,,0,0,,,DRY CLEAN,KIDS,no,no,NO,,Item,SALE,,,
956835,Coat,1,0,0,0,,0,0,,,DRY CLEAN,KIDS,no,no,NO,,Item,SALE,,,
956834,Gown,1,0,0,0,,0,0,,,DRY CLEAN,KIDS,no,no,NO,,Item,SALE,,,
956833,Girl Suit Ethnic,1,0,0,0,,0,0,,,DRY CLEAN,KIDS,no,no,NO,,Item,SALE,,,
956830,Dress ,0,0,0,0,,0,0,,,DRY CLEAN,KIDS,no,no,NO,,ItemGroup,SALE,Type,,
956831,Dress -long,1,0,0,0,,0,0,,,DRY CLEAN,KIDS,no,no,NO,,group,SALE,long,,
956832,Dress -Normal,1,0,0,0,,0,0,,,DRY CLEAN,KIDS,no,no,NO,,group,SALE,Normal,,
956829,Shorts,1,0,0,0,,0,0,,,DRY CLEAN,KIDS,no,no,NO,,Item,SALE,,,
956828,Capri,1,0,0,0,,0,0,,,DRY CLEAN,KIDS,no,no,NO,,Item,SALE,,,
956827,T Shirt,1,0,0,0,,0,0,,,DRY CLEAN,KIDS,no,no,NO,,Item,SALE,,,
956824,Suit,0,0,0,0,,0,0,,,DRY CLEAN,KIDS,no,no,NO,,ItemGroup,SALE,Type,,
956825,Suit-2 Pcs,2,0,0,0,,0,0,,,DRY CLEAN,KIDS,no,no,NO,,group,SALE,2 Pcs,,
956826,Suit-3 Pcs,3,0,0,0,,0,0,,,DRY CLEAN,KIDS,no,no,NO,,group,SALE,3 Pcs,,
956823,Pullover,1,0,0,0,,0,0,,,DRY CLEAN,KIDS,no,no,NO,,Item,SALE,,,
956822,Sherwani,1,0,0,0,,0,0,,,DRY CLEAN,KIDS,no,no,NO,,Item,SALE,,,
956818,Jacket,0,0,0,0,,0,0,,,DRY CLEAN,KIDS,no,no,NO,,ItemGroup,SALE,Type,,
956819,Jacket-Sport ,1,0,0,0,,0,0,,,DRY CLEAN,KIDS,no,no,NO,,group,SALE,Sport ,,
956820,Jacket-Normal,1,0,0,0,,0,0,,,DRY CLEAN,KIDS,no,no,NO,,group,SALE,Normal,,
956821,Jacket-Half,1,0,0,0,,0,0,,,DRY CLEAN,KIDS,no,no,NO,,group,SALE,Half,,
956817,Track Pant,1,0,0,0,,0,0,,,DRY CLEAN,KIDS,no,no,NO,,Item,SALE,,,
956816,Pyjama,1,0,0,0,,0,0,,,DRY CLEAN,KIDS,no,no,NO,,Item,SALE,,,
956813,Kurta,0,0,0,0,,0,0,,,DRY CLEAN,KIDS,no,no,NO,,ItemGroup,SALE,Type,,
956814,Kurta-Normal,1,0,0,0,,0,0,,,DRY CLEAN,KIDS,no,no,NO,,group,SALE,Normal,,
956815,Kurta-Pyjama,1,0,0,0,,0,0,,,DRY CLEAN,KIDS,no,no,NO,,group,SALE,Pyjama,,
956812,Pants,1,0,0,0,,0,0,,,DRY CLEAN,KIDS,no,no,NO,,Item,SALE,,,
956811,Jeans,1,0,0,0,,0,0,,,DRY CLEAN,KIDS,no,no,NO,,Item,SALE,,,
956810,Shirt,1,0,0,0,,0,0,,,DRY CLEAN,KIDS,no,no,NO,,Item,SALE,,,
956806,Rida,0,0,0,0,,0,0,,,DRY CLEAN,WOMEN,no,no,NO,,ItemGroup,SALE,Type,,
956807,Rida-Plain,1,0,0,0,,0,0,,,DRY CLEAN,WOMEN,no,no,NO,,group,SALE,Plain,,
956808,Rida-Heavy,1,0,0,0,,0,0,,,DRY CLEAN,WOMEN,no,no,NO,,group,SALE,Heavy,,
956809,Rida-Very Heavy,1,0,0,0,,0,0,,,DRY CLEAN,WOMEN,no,no,NO,,group,SALE,Very Heavy,,
956805,Gloves,2,0,0,0,,0,0,,,DRY CLEAN,WOMEN,no,no,NO,,Item,SALE,,,
956804,Panty Under Wear,1,0,0,0,,0,0,,,DRY CLEAN,WOMEN,no,no,NO,,Item,SALE,,,
956803,Sameez,1,0,0,0,,0,0,,,DRY CLEAN,WOMEN,no,no,NO,,Item,SALE,,,
956802,Brassieres,1,0,0,0,,0,0,,,DRY CLEAN,WOMEN,no,no,NO,,Item,SALE,,,
956801,Bikini,1,0,0,0,,0,0,,,DRY CLEAN,WOMEN,no,no,NO,,Item,SALE,,,
956800,Swimming Costume,1,0,0,0,,0,0,,,DRY CLEAN,WOMEN,no,no,NO,,Item,SALE,,,
956799,Stocking,1,0,0,0,,0,0,,,DRY CLEAN,WOMEN,no,no,NO,,Item,SALE,,,
956798,Jumper,1,0,0,0,,0,0,,,DRY CLEAN,WOMEN,no,no,NO,,Item,SALE,,,
956797,Shawl,1,0,0,0,,0,0,,,DRY CLEAN,WOMEN,no,no,NO,,Item,SALE,,,
956796,Windcheater,1,0,0,0,,0,0,,,DRY CLEAN,WOMEN,no,no,NO,,Item,SALE,,,
956791,Jacket,0,0,0,0,,0,0,,,DRY CLEAN,WOMEN,no,no,NO,,ItemGroup,SALE,Type,,
956792,Jacket-Half  sleeves,1,0,0,0,,0,0,,,DRY CLEAN,WOMEN,no,no,NO,,group,SALE,Half  sleeves,,
956793,Jacket-Full sleeves,1,0,0,0,,0,0,,,DRY CLEAN,WOMEN,no,no,NO,,group,SALE,Full sleeves,,
956794,Jacket-Sports ,1,0,0,0,,0,0,,,DRY CLEAN,WOMEN,no,no,NO,,group,SALE,Sports ,,
956795,Jacket-Leather ,1,0,0,0,,0,0,,,DRY CLEAN,WOMEN,no,no,NO,,group,SALE,Leather ,,
956790,Sweat pant,1,0,0,0,,0,0,,,DRY CLEAN,WOMEN,no,no,NO,,Item,SALE,,,
956789,Pullover,1,0,0,0,,0,0,,,DRY CLEAN,WOMEN,no,no,NO,,Item,SALE,,,
956788,Over Coat,1,0,0,0,,0,0,,,DRY CLEAN,WOMEN,no,no,NO,,Item,SALE,,,
956785,Long Coat,0,0,0,0,,0,0,,,DRY CLEAN,WOMEN,no,no,NO,,ItemGroup,SALE,Type,,
956786,Long Coat-Normal,1,0,0,0,,0,0,,,DRY CLEAN,WOMEN,no,no,NO,,group,SALE,Normal,,
956787,Long Coat-Fur fluffy,1,0,0,0,,0,0,,,DRY CLEAN,WOMEN,no,no,NO,,group,SALE,Fur fluffy,,
956782,Coat ,0,0,0,0,,0,0,,,DRY CLEAN,WOMEN,no,no,NO,,ItemGroup,SALE,Type,,
956783,Coat -Normal,1,0,0,0,,0,0,,,DRY CLEAN,WOMEN,no,no,NO,,group,SALE,Normal,,
956784,Coat -Fur fluffy,1,0,0,0,,0,0,,,DRY CLEAN,WOMEN,no,no,NO,,group,SALE,Fur fluffy,,
956778,Sweat Cardigan ,0,0,0,0,,0,0,,,DRY CLEAN,WOMEN,no,no,NO,,ItemGroup,SALE,Type,,
956779,Sweat Cardigan -Half Sleeves Plain,1,0,0,0,,0,0,,,DRY CLEAN,WOMEN,no,no,NO,,group,SALE,Half Sleeves Plain,,
956780,Sweat Cardigan -Half sleeves,1,0,0,0,,0,0,,,DRY CLEAN,WOMEN,no,no,NO,,group,SALE,Half sleeves,,
956781,Sweat Cardigan -Full sleeves,1,0,0,0,,0,0,,,DRY CLEAN,WOMEN,no,no,NO,,group,SALE,Full sleeves,,
956775,Sweat shirt,0,0,0,0,,0,0,,,DRY CLEAN,WOMEN,no,no,NO,,ItemGroup,SALE,Type,,
956776,Sweat shirt-without hood,1,0,0,0,,0,0,,,DRY CLEAN,WOMEN,no,no,NO,,group,SALE,without hood,,
956777,Sweat shirt-with hood,1,0,0,0,,0,0,,,DRY CLEAN,WOMEN,no,no,NO,,group,SALE,with hood,,
956774,Dangree,1,0,0,0,,0,0,,,DRY CLEAN,WOMEN,no,no,NO,,Item,SALE,,,
956770,Lehenga Bridal,0,0,0,0,,0,0,,,DRY CLEAN,WOMEN,no,no,NO,,ItemGroup,SALE,Type,,
956771,Lehenga Bridal-More than 5kg,1,0,0,0,,0,0,,,DRY CLEAN,WOMEN,no,no,NO,,group,SALE,More than 5kg,,
956772,Lehenga Bridal-Upto 5 Kg,1,0,0,0,,0,0,,,DRY CLEAN,WOMEN,no,no,NO,,group,SALE,Upto 5 Kg,,
956773,Lehenga Bridal-More than 10 Kg,1,0,0,0,,0,0,,,DRY CLEAN,WOMEN,no,no,NO,,group,SALE,More than 10 Kg,,
956767,Lehenga 3Pcs,0,0,0,0,,0,0,,,DRY CLEAN,WOMEN,no,no,NO,,ItemGroup,SALE,Type,,
956768,Lehenga 3Pcs-Plain,3,0,0,0,,0,0,,,DRY CLEAN,WOMEN,no,no,NO,,group,SALE,Plain,,
956769,Lehenga 3Pcs-Heavy,3,0,0,0,,0,0,,,DRY CLEAN,WOMEN,no,no,NO,,group,SALE,Heavy,,
956764,Lehenga 2Pcs,0,0,0,0,,0,0,,,DRY CLEAN,WOMEN,no,no,NO,,ItemGroup,SALE,Type,,
956765,Lehenga 2Pcs-Plain,2,0,0,0,,0,0,,,DRY CLEAN,WOMEN,no,no,NO,,group,SALE,Plain,,
956766,Lehenga 2Pcs-Heavy,2,0,0,0,,0,0,,,DRY CLEAN,WOMEN,no,no,NO,,group,SALE,Heavy,,
956761,Saree Bridal Weight,0,0,0,0,,0,0,,,DRY CLEAN,WOMEN,no,no,NO,,ItemGroup,SALE,Type,,
956762,Saree Bridal Weight-Upto 5 Kg,1,0,0,0,,0,0,,,DRY CLEAN,WOMEN,no,no,NO,,group,SALE,Upto 5 Kg,,
956763,Saree Bridal Weight-Upto 10 Kg,1,0,0,0,,0,0,,,DRY CLEAN,WOMEN,no,no,NO,,group,SALE,Upto 10 Kg,,
956757,Saree,0,0,0,0,,0,0,,,DRY CLEAN,WOMEN,no,no,NO,,ItemGroup,SALE,Type,,
956758,Saree-Plain,1,0,0,0,,0,0,,,DRY CLEAN,WOMEN,no,no,NO,,group,SALE,Plain,,
956759,Saree-Heavy,1,0,0,0,,0,0,,,DRY CLEAN,WOMEN,no,no,NO,,group,SALE,Heavy,,
956760,Saree-Very Heavy,1,0,0,0,,0,0,,,DRY CLEAN,WOMEN,no,no,NO,,group,SALE,Very Heavy,,
956753,Gown,0,0,0,0,,0,0,,,DRY CLEAN,WOMEN,no,no,NO,,ItemGroup,SALE,Type,,
956754,Gown-Plain,1,0,0,0,,0,0,,,DRY CLEAN,WOMEN,no,no,NO,,group,SALE,Plain,,
956755,Gown-Heavy,1,0,0,0,,0,0,,,DRY CLEAN,WOMEN,no,no,NO,,group,SALE,Heavy,,
956756,Gown-Bridal,1,0,0,0,,0,0,,,DRY CLEAN,WOMEN,no,no,NO,,group,SALE,Bridal,,
956752,Sharara,1,0,0,0,,0,0,,,DRY CLEAN,WOMEN,no,no,NO,,Item,SALE,,,
956748,Suit 3 Pcs,0,0,0,0,,0,0,,,DRY CLEAN,WOMEN,no,no,NO,,ItemGroup,SALE,Type,,
956749,Suit 3 Pcs-Light,3,0,0,0,,0,0,,,DRY CLEAN,WOMEN,no,no,NO,,group,SALE,Light,,
956750,Suit 3 Pcs-Heavy,3,0,0,0,,0,0,,,DRY CLEAN,WOMEN,no,no,NO,,group,SALE,Heavy,,
956751,Suit 3 Pcs-Very Heavy,3,0,0,0,,0,0,,,DRY CLEAN,WOMEN,no,no,NO,,group,SALE,Very Heavy,,
956744,Suit 2 Pcs,0,0,0,0,,0,0,,,DRY CLEAN,WOMEN,no,no,NO,,ItemGroup,SALE,Type,,
956745,Suit 2 Pcs-Light,2,0,0,0,,0,0,,,DRY CLEAN,WOMEN,no,no,NO,,group,SALE,Light,,
956746,Suit 2 Pcs-Heavy,2,0,0,0,,0,0,,,DRY CLEAN,WOMEN,no,no,NO,,group,SALE,Heavy,,
956747,Suit 2 Pcs-Very Heavy,2,0,0,0,,0,0,,,DRY CLEAN,WOMEN,no,no,NO,,group,SALE,Very Heavy,,
956743,Ladies Suit Western,1,0,0,0,,0,0,,,DRY CLEAN,WOMEN,no,no,NO,,Item,SALE,,,
956742,Wedding Dress,1,0,0,0,,0,0,,,DRY CLEAN,WOMEN,no,no,NO,,Item,SALE,,,
956739,Dress,0,0,0,0,,0,0,,,DRY CLEAN,WOMEN,no,no,NO,,ItemGroup,SALE,Type,,
956740,Dress-Normal,1,0,0,0,,0,0,,,DRY CLEAN,WOMEN,no,no,NO,,group,SALE,Normal,,
956741,Dress-Long,1,0,0,0,,0,0,,,DRY CLEAN,WOMEN,no,no,NO,,group,SALE,Long,,
956738,Petti Coat,1,0,0,0,,0,0,,,DRY CLEAN,WOMEN,no,no,NO,,Item,SALE,,,
956737,Track Pant,1,0,0,0,,0,0,,,DRY CLEAN,WOMEN,no,no,NO,,Item,SALE,,,
956736,Capri,1,0,0,0,,0,0,,,DRY CLEAN,WOMEN,no,no,NO,,Item,SALE,,,
956735,Lower,1,0,0,0,,0,0,,,DRY CLEAN,WOMEN,no,no,NO,,Item,SALE,,,
956734,Slacks,1,0,0,0,,0,0,,,DRY CLEAN,WOMEN,no,no,NO,,Item,SALE,,,
956733,Leggings,1,0,0,0,,0,0,,,DRY CLEAN,WOMEN,no,no,NO,,Item,SALE,,,
956729,Plazo,0,0,0,0,,0,0,,,DRY CLEAN,WOMEN,no,no,NO,,ItemGroup,SALE,Type,,
956730,Plazo-Plain,1,0,0,0,,0,0,,,DRY CLEAN,WOMEN,no,no,NO,,group,SALE,Plain,,
956731,Plazo-Heavy,1,0,0,0,,0,0,,,DRY CLEAN,WOMEN,no,no,NO,,group,SALE,Heavy,,
956732,Plazo-Very Heavy,1,0,0,0,,0,0,,,DRY CLEAN,WOMEN,no,no,NO,,group,SALE,Very Heavy,,
956725,Salwar,0,0,0,0,,0,0,,,DRY CLEAN,WOMEN,no,no,NO,,ItemGroup,SALE,Type,,
956726,Salwar-Plain,1,0,0,0,,0,0,,,DRY CLEAN,WOMEN,no,no,NO,,group,SALE,Plain,,
956727,Salwar-Heavy,1,0,0,0,,0,0,,,DRY CLEAN,WOMEN,no,no,NO,,group,SALE,Heavy,,
956728,Salwar-Very Heavy,1,0,0,0,,0,0,,,DRY CLEAN,WOMEN,no,no,NO,,group,SALE,Very Heavy,,
956724,Jeans,1,0,0,0,,0,0,,,DRY CLEAN,WOMEN,no,no,NO,,Item,SALE,,,
956723,Pants,1,0,0,0,,0,0,,,DRY CLEAN,WOMEN,no,no,NO,,Item,SALE,,,
956722,Ladies Suit Ethnic,1,0,0,0,,0,0,,,DRY CLEAN,WOMEN,no,no,NO,,Item,SALE,,,
956718,Dupatta,0,0,0,0,,0,0,,,DRY CLEAN,WOMEN,no,no,NO,,ItemGroup,SALE,Type,,
956719,Dupatta-Plain,1,0,0,0,,0,0,,,DRY CLEAN,WOMEN,no,no,NO,,group,SALE,Plain,,
956720,Dupatta-Heavy,1,0,0,0,,0,0,,,DRY CLEAN,WOMEN,no,no,NO,,group,SALE,Heavy,,
956721,Dupatta-Very Heavy,1,0,0,0,,0,0,,,DRY CLEAN,WOMEN,no,no,NO,,group,SALE,Very Heavy,,
956714,Blouse,0,0,0,0,,0,0,,,DRY CLEAN,WOMEN,no,no,NO,,ItemGroup,SALE,Type,,
956715,Blouse-Plain,1,0,0,0,,0,0,,,DRY CLEAN,WOMEN,no,no,NO,,group,SALE,Plain,,
956716,Blouse-Heavy,1,0,0,0,,0,0,,,DRY CLEAN,WOMEN,no,no,NO,,group,SALE,Heavy,,
956717,Blouse-Very Heavy,1,0,0,0,,0,0,,,DRY CLEAN,WOMEN,no,no,NO,,group,SALE,Very Heavy,,
956713,Choli,1,0,0,0,,0,0,,,DRY CLEAN,WOMEN,no,no,NO,,Item,SALE,,,
956709,Skirt Long,0,0,0,0,,0,0,,,DRY CLEAN,WOMEN,no,no,NO,,ItemGroup,SALE,Type,,
956710,Skirt Long-Plain,1,0,0,0,,0,0,,,DRY CLEAN,WOMEN,no,no,NO,,group,SALE,Plain,,
956711,Skirt Long-Heavy,1,0,0,0,,0,0,,,DRY CLEAN,WOMEN,no,no,NO,,group,SALE,Heavy,,
956712,Skirt Long-Very Heavy,1,0,0,0,,0,0,,,DRY CLEAN,WOMEN,no,no,NO,,group,SALE,Very Heavy,,
956705,Skirt Short,0,0,0,0,,0,0,,,DRY CLEAN,WOMEN,no,no,NO,,ItemGroup,SALE,Type,,
956706,Skirt Short-Plain,1,0,0,0,,0,0,,,DRY CLEAN,WOMEN,no,no,NO,,group,SALE,Plain,,
956707,Skirt Short-Heavy,1,0,0,0,,0,0,,,DRY CLEAN,WOMEN,no,no,NO,,group,SALE,Heavy,,
956708,Skirt Short-Very Heavy,1,0,0,0,,0,0,,,DRY CLEAN,WOMEN,no,no,NO,,group,SALE,Very Heavy,,
956701,Kurta Kameez,0,0,0,0,,0,0,,,DRY CLEAN,WOMEN,no,no,NO,,ItemGroup,SALE,Type,,
956702,Kurta Kameez-Plain,1,0,0,0,,0,0,,,DRY CLEAN,WOMEN,no,no,NO,,group,SALE,Plain,,
956703,Kurta Kameez-Heavy,1,0,0,0,,0,0,,,DRY CLEAN,WOMEN,no,no,NO,,group,SALE,Heavy,,
956704,Kurta Kameez-Very Heavy,1,0,0,0,,0,0,,,DRY CLEAN,WOMEN,no,no,NO,,group,SALE,Very Heavy,,
956697,Top,0,0,0,0,,0,0,,,DRY CLEAN,WOMEN,no,no,NO,,ItemGroup,SALE,Type,,
956698,Top-Plain,1,0,149,0,,0,0,,,DRY CLEAN,WOMEN,no,no,NO,,group,SALE,Plain,,
956699,Top-Heavy,1,0,219,0,,0,0,,,DRY CLEAN,WOMEN,no,no,NO,,group,SALE,Heavy,,
956700,Top-Very Heavy,1,0,309,0,,0,0,,,DRY CLEAN,WOMEN,no,no,NO,,group,SALE,Very Heavy,,
956694,Suit ,0,0,0,0,,0,0,,,DRY CLEAN,WOMEN,no,no,NO,,ItemGroup,SALE,Type,,
956695,Suit -2Pcs,2,0,0,0,,0,0,,,DRY CLEAN,WOMEN,no,no,NO,,group,SALE,2Pcs,,
956696,Suit -3Pcs,3,0,449,0,,0,0,,,DRY CLEAN,WOMEN,no,no,NO,,group,SALE,3Pcs,,
956693,Blazer,1,0,299,0,,0,0,,,DRY CLEAN,WOMEN,no,no,NO,,Item,SALE,,,
956692,T - Shirt,1,0,80,0,,0,0,,,DRY CLEAN,WOMEN,no,no,NO,,Item,SALE,,,
956687,Shirt,0,0,0,0,,0,0,,,DRY CLEAN,WOMEN,no,no,NO,,ItemGroup,SALE,Type,,
956688,Shirt-Full,1,0,80,0,,0,0,,,DRY CLEAN,WOMEN,no,no,NO,,group,SALE,Full,,
956689,Shirt-Silk ,1,0,89,0,,0,0,,,DRY CLEAN,WOMEN,no,no,NO,,group,SALE,Silk ,,
956690,Shirt-Half,1,0,0,0,,0,0,,,DRY CLEAN,WOMEN,no,no,NO,,group,SALE,Half,,
956691,Shirt-Woolen,1,0,0,0,,0,0,,,DRY CLEAN,WOMEN,no,no,NO,,group,SALE,Woolen,,
956686,Uniform(General),1,0,0,0,,0,0,,,DRY CLEAN,MEN,no,no,NO,,Item,SALE,,,
956685,Laundry Garment,1,0,0,0,,0,0,,,DRY CLEAN,MEN,no,no,NO,,Item,SALE,,,
956684,Rain Coat,1,0,0,0,,0,0,,,DRY CLEAN,MEN,no,no,NO,,Item,SALE,,,
956683,Swimming Costume,1,0,203,0,,0,0,,,DRY CLEAN,MEN,no,no,NO,,Item,SALE,,,
956682,Achkan,1,0,95,0,,0,0,,,DRY CLEAN,MEN,no,no,NO,,Item,SALE,,,
956681,Windcheater,1,0,0,0,,0,0,,,DRY CLEAN,MEN,no,no,NO,,Item,SALE,,,
956675,Jacket,0,0,0,0,,0,0,,,DRY CLEAN,MEN,no,no,NO,,ItemGroup,SALE,Type,,
956676,Jacket-Half Sleeves,1,0,0,0,,0,0,,,DRY CLEAN,MEN,no,no,NO,,group,SALE,Half Sleeves,,
956677,Jacket-Full Sleeves,1,0,0,0,,0,0,,,DRY CLEAN,MEN,no,no,NO,,group,SALE,Full Sleeves,,
956678,Jacket-with hood,1,0,0,0,,0,0,,,DRY CLEAN,MEN,no,no,NO,,group,SALE,with hood,,
956679,Jacket-Sports,1,0,0,0,,0,0,,,DRY CLEAN,MEN,no,no,NO,,group,SALE,Sports,,
956680,Jacket-Leather,1,0,0,0,,0,0,,,DRY CLEAN,MEN,no,no,NO,,group,SALE,Leather,,
956674,sweat pant,1,0,0,0,,0,0,,,DRY CLEAN,MEN,no,no,NO,,Item,SALE,,,
956673,Long Pullover,1,0,229,0,,0,0,,,DRY CLEAN,MEN,no,no,NO,,Item,SALE,,,
956672,Over coat,1,0,259,0,,0,0,,,DRY CLEAN,MEN,no,no,NO,,Item,SALE,,,
956669,Long Coat,0,0,0,0,,0,0,,,DRY CLEAN,MEN,no,no,NO,,ItemGroup,SALE,Type,,
956670,Long Coat-Normal,1,0,249,0,,0,0,,,DRY CLEAN,MEN,no,no,NO,,group,SALE,Normal,,
956671,Long Coat-Fur  Fluffy,1,0,129,0,,0,0,,,DRY CLEAN,MEN,no,no,NO,,group,SALE,Fur  Fluffy,,
956666,Coat,0,0,0,0,,0,0,,,DRY CLEAN,MEN,no,no,NO,,ItemGroup,SALE,Type,,
956667,Coat-Normal,1,0,259,0,,0,0,,,DRY CLEAN,MEN,no,no,NO,,group,SALE,Normal,,
956668,Coat-Fur Fluffy,1,0,400,0,,0,0,,,DRY CLEAN,MEN,no,no,NO,,group,SALE,Fur Fluffy,,
956663,Sweater,0,0,0,0,,0,0,,,DRY CLEAN,MEN,no,no,NO,,ItemGroup,SALE,Type,,
956664,Sweater-Half Sleeves,1,0,0,0,,0,0,,,DRY CLEAN,MEN,no,no,NO,,group,SALE,Half Sleeves,,
956665,Sweater-Full Sleeves,1,0,0,0,,0,0,,,DRY CLEAN,MEN,no,no,NO,,group,SALE,Full Sleeves,,
956660,SweatShirt ,0,0,0,0,,0,0,,,DRY CLEAN,MEN,no,no,NO,,ItemGroup,SALE,Type,,
956661,SweatShirt -without hood,1,0,0,0,,0,0,,,DRY CLEAN,MEN,no,no,NO,,group,SALE,without hood,,
956662,SweatShirt -with hood,1,0,0,0,,0,0,,,DRY CLEAN,MEN,no,no,NO,,group,SALE,with hood,,
956656,Sherwani Bridal Weight,0,0,0,0,,0,0,,,DRY CLEAN,MEN,no,no,NO,,ItemGroup,SALE,Type,,
956657,Sherwani Bridal Weight-2 and Half Kg,1,0,229,0,,0,0,,,DRY CLEAN,MEN,no,no,NO,,group,SALE,2 and Half Kg,,
956658,Sherwani Bridal Weight-More Than 5 Kg,1,0,219,0,,0,0,,,DRY CLEAN,MEN,no,no,NO,,group,SALE,More Than 5 Kg,,
956659,Sherwani Bridal Weight-More Than 10 Kg,1,0,0,0,,0,0,,,DRY CLEAN,MEN,no,no,NO,,group,SALE,More Than 10 Kg,,
956655,Sherwani 3 pcs Light,3,0,50,0,,0,0,,,DRY CLEAN,MEN,no,no,NO,,Item,SALE,,,
956652,Sherwani 2 pcs,0,0,0,0,,0,0,,,DRY CLEAN,MEN,no,no,NO,,ItemGroup,SALE,Type,,
956653,Sherwani 2 pcs-Light,2,0,299,0,,0,0,,,DRY CLEAN,MEN,no,no,NO,,group,SALE,Light,,
956654,Sherwani 2 pcs-Heavy,2,0,349,0,,0,0,,,DRY CLEAN,MEN,no,no,NO,,group,SALE,Heavy,,
956651,Dhoti and Kurta,1,0,0,0,,0,0,,,DRY CLEAN,MEN,no,no,NO,,Item,SALE,,,
956650,Kurta and Pyajama,1,0,499,0,,0,0,,,DRY CLEAN,MEN,no,no,NO,,Item,SALE,,,
956649,Dangree,1,0,0,0,,0,0,,,DRY CLEAN,MEN,no,no,NO,,Item,SALE,,,
956648,Track Suit,1,0,0,0,,0,0,,,DRY CLEAN,MEN,no,no,NO,,Item,SALE,,,
956647,Tuxedo,1,0,599,0,,0,0,,,DRY CLEAN,MEN,no,no,NO,,Item,SALE,,,
956646,Pathani Suit,1,0,0,0,,0,0,,,DRY CLEAN,MEN,no,no,NO,,Item,SALE,,,
956645,Lungi,1,0,0,0,,0,0,,,DRY CLEAN,MEN,no,no,NO,,Item,SALE,,,
956644,Dhoti,1,0,0,0,,0,0,,,DRY CLEAN,MEN,no,no,NO,,Item,SALE,,,
956643,Track Pant,1,0,699,0,,0,0,,,DRY CLEAN,MEN,no,no,NO,,Item,SALE,,,
956642,Capri,1,0,549,0,,0,0,,,DRY CLEAN,MEN,no,no,NO,,Item,SALE,,,
956641,Shorts,1,0,449,0,,0,0,,,DRY CLEAN,MEN,no,no,NO,,Item,SALE,,,
956640,Lower,1,0,149,0,,0,0,,,DRY CLEAN,MEN,no,no,NO,,Item,SALE,,,
956639,Pyjama,1,0,200,0,,0,0,,,DRY CLEAN,MEN,no,no,NO,,Item,SALE,,,
956638,Jeans,1,0,170,0,,0,0,,,DRY CLEAN,MEN,no,no,NO,,Item,SALE,,,
956637,Pants,1,0,300,0,,0,0,,,DRY CLEAN,MEN,no,no,NO,,Item,SALE,,,
956636,Vest,1,0,159,0,,0,0,,,DRY CLEAN,MEN,no,no,NO,,Item,SALE,,,
956635,Undershirt,1,0,280,0,,0,0,,,DRY CLEAN,MEN,no,no,NO,,Item,SALE,,,
956632,Suit ,0,0,0,0,,0,0,,,DRY CLEAN,MEN,no,no,NO,,ItemGroup,SALE,Type,,
956633,Suit -2 Pcs,2,0,89,0,,0,0,,,DRY CLEAN,MEN,no,no,NO,,group,SALE,2 Pcs,,
956634,Suit -3 Pcs,3,0,0,0,,0,0,,,DRY CLEAN,MEN,no,no,NO,,group,SALE,3 Pcs,,
956631,Waist Coat,1,0,69,0,,0,0,,,DRY CLEAN,MEN,no,no,NO,,Item,SALE,,,
956630,Blazer,1,0,20,0,,0,0,,,DRY CLEAN,MEN,no,no,NO,,Item,SALE,,,
956629,Kurta,1,0,199,0,,0,0,,,DRY CLEAN,MEN,no,no,NO,,Item,SALE,,,
956625,Safari,0,0,0,0,,0,0,,,DRY CLEAN,MEN,no,no,NO,,ItemGroup,SALE,Type,,
956626,Safari-Shirt,1,0,0,0,,0,0,,,DRY CLEAN,MEN,no,no,NO,,group,SALE,Shirt,,
956627,Safari-Suit Coat,1,0,199,0,,0,0,,,DRY CLEAN,MEN,no,no,NO,,group,SALE,Suit Coat,,
956628,Safari-Suit 2Pcs,2,0,0,0,,0,0,,,DRY CLEAN,MEN,no,no,NO,,group,SALE,Suit 2Pcs,,
956624,T - Shirt,1,0,89,0,,0,0,,,DRY CLEAN,MEN,no,no,NO,,Item,SALE,,,
956619,Shirt,0,0,0,0,,0,0,,,DRY CLEAN,MEN,no,no,NO,,ItemGroup,SALE,Type,,
956620,Shirt-Full,1,0,80,0,,0,0,,,DRY CLEAN,MEN,no,no,NO,,group,SALE,Full,,
956621,Shirt-Half,1,0,69,0,,0,0,,,DRY CLEAN,MEN,no,no,NO,,group,SALE,Half,,
956622,Shirt-Silk ,1,0,89,0,,0,0,,,DRY CLEAN,MEN,no,no,NO,,group,SALE,Silk ,,
956623,Shirt-Woolen,1,0,0,0,,0,0,,,DRY CLEAN,MEN,no,no,NO,,group,SALE,Woolen,,
